1,2,3,4,5,6,7,8,9,10,11,12,13,14,15,16,17,18,19,20,21,22,23,24,25,26,27,28,29,30,31,32,33,34,35,36,37,38,39,40,41,42,43,44,45,46,47,48,49,50,51,52,53,54,55,56,57,58,59,60,61,62,63,64,65,66,67,68,69,70,71,72,73,74,75,76,77,78,79,80,81,82,83,84,85,86,87,88,89,90,91,92,93,94,95,96,97,98,99,100,forecast_id,term,semester,department,section_code,title,instructors,part_of_term,start_date,end_date,days_code,start_time,stop_time,start_category,credits,capacity,aggregated_capacity,truncated_price_prediction,price_prediction_residual_mean,bias_corrected,price_prediction_residual_std_dev
1748,1325,1524,1579,1420,1674,1486,1140,1650,1355,1469,1270,1348,1318,1567,1449,1011,1619,1532,1765,1552,1331,1063,1773,1591,1844,1610,1585,1555,1741,1037,1248,1006,1781,1094,1178,1571,1905,2265,1654,1258,1867,1526,1356,1350,1517,1189,1206,2169,1817,1728,1097,1840,2062,1377,1656,1695,1795,1540,1555,1403,1703,1485,1355,1517,1561,1529,1397,1243,1422,1762,1693,1565,1623,1337,1796,1026,2055,1995,1196,1579,1631,1509,1685,1666,1953,1450,1200,1250,1159,1387,1561,1779,1268,1452,1599,1707,990,1277,1025,ACCT6110001,2025,Fall,ACCT,ACCT6110,Fundamentals of Financial Accounting,ZHOU,Full,08 25 2025,12 03 2025,MW,10:15 AM,11:45 AM,B,1,78,,1407,125,1531,285
2033,1311,1733,1364,1220,1057,1608,1734,1505,1562,1413,1499,1551,1378,1537,1511,1530,1952,1775,1656,1821,1395,1443,1125,1457,1400,1245,1416,1405,2266,1886,1412,2016,1326,1398,1779,1744,1323,1580,1833,1737,1586,1873,1728,1313,2355,1256,1265,1047,1812,1714,925,1658,1182,1660,1822,1783,1524,2044,1628,1537,1716,1235,1208,1598,1110,1612,2049,2087,1659,1992,1589,1824,1498,1761,1524,1464,1319,1316,1347,1042,1166,1361,1248,1389,1817,1124,1478,1708,1670,1638,1866,1647,1592,1757,1592,1881,1890,1559,1325,ACCT6110002,2025,Fall,ACCT,ACCT6110,Fundamentals of Financial Accounting,ZHOU,Full,08 25 2025,12 03 2025,MW,12:00 PM,1:30 PM,C,1,78,,1427,125,1552,285
465,0,0,0,0,147,0,0,0,49,0,22,138,510,53,504,0,0,0,0,59,0,205,0,435,0,0,0,316,42,437,0,6,0,0,0,0,0,243,81,88,128,84,0,211,0,0,0,130,0,269,0,355,0,14,0,0,142,195,0,0,383,0,636,188,0,0,0,98,0,0,0,0,192,0,0,0,295,408,363,580,0,0,82,0,0,23,0,113,0,0,0,0,0,0,131,0,0,279,0,ACCT6130001,2025,Fall,ACCT,ACCT6130,Fundamentals of Financial and Managerial Accounting,LANE,Full,08 25 2025,12 03 2025,TR,8:30 AM,10:00 AM,A,1,78,,0,-94,0,208
794,1027,1286,1500,1358,1084,1186,1501,1589,657,1405,1464,1302,783,1442,1132,884,903,1133,899,1106,1377,1382,825,1092,999,942,987,1354,1248,1250,1139,947,1126,799,1330,1008,1330,1295,1213,1631,1440,1141,756,1187,1097,1144,1085,1340,995,813,1112,1715,1062,947,1165,940,1032,1318,825,1188,1301,1110,733,1046,1052,470,1033,1135,1058,841,1021,1379,734,1267,1039,1283,1663,1170,965,977,1141,913,876,712,1370,1367,1404,969,1152,1307,1477,1691,815,1139,1189,1022,1288,1122,1218,ACCT6130002,2025,Fall,ACCT,ACCT6130,Fundamentals of Financial and Managerial Accounting,LANE,Full,08 25 2025,12 03 2025,TR,10:15 AM,11:45 AM,B,1,78,,1251,-116,1135,223
1414,1645,1234,1492,1114,1568,1234,1296,1262,1257,1335,1265,1107,1474,1154,1318,1339,1148,1484,1067,1565,1049,1387,1567,1624,1194,1041,1220,685,945,1306,1359,999,982,815,1510,1458,1341,1378,1325,1529,1530,1297,1042,621,1174,1248,1634,869,1546,1267,1780,1344,795,821,693,1576,1579,974,1453,965,1534,1091,1478,959,1102,881,1500,990,743,1162,1358,1240,929,1179,1008,1719,1730,1025,1364,1446,1333,969,1310,943,1165,1190,1163,1642,1370,1230,1573,1293,921,1032,981,1443,1194,1181,1207,ACCT6130003,2025,Fall,ACCT,ACCT6130,Fundamentals of Financial and Managerial Accounting,GUAY,Full,08 25 2025,12 03 2025,TR,10:15 AM,11:45 AM,B,1,78,,1446,-209,1237,252
1305,1661,1633,1526,1438,1503,1454,1407,1719,1702,1552,1514,1526,1328,1325,1239,1549,1712,1245,1254,1615,1723,1510,1365,1811,1661,1591,1408,1478,1909,1849,1350,1613,1493,1586,1787,1446,1591,1473,1398,1403,1553,1567,1698,1173,1914,1916,1769,1477,1323,1630,1480,1796,1265,1758,1404,1812,1743,1998,1735,1260,1481,1562,1307,1243,1728,1503,1512,1849,1628,1666,1909,1533,1744,1699,1482,1801,1416,1503,1333,1477,1733,1529,1642,1525,1726,1711,1996,1250,1896,1579,1290,1560,1428,1862,1702,1847,1420,1448,1730,ACCT6130004,2025,Fall,ACCT,ACCT6130,Fundamentals of Financial and Managerial Accounting,GUAY,Full,08 25 2025,12 03 2025,TR,1:45 PM,3:15 PM,D,1,78,,1684,-85,1598,219
166,631,609,580,463,899,632,867,408,629,113,826,352,512,381,301,758,523,1162,0,388,361,593,144,715,516,564,47,427,1109,534,393,0,593,155,437,439,581,533,272,896,365,778,375,0,331,638,815,453,11,0,490,549,388,714,570,367,358,500,502,664,665,244,318,784,1143,554,799,1039,609,537,165,836,244,579,87,311,688,872,174,920,481,487,1033,329,803,429,465,575,118,451,609,232,120,317,532,963,623,616,610,ACCT7420401,2025,Fall,ACCT,ACCT7420,Financial Reporting and Business Analysis,LAMBERT,Full,08 25 2025,12 03 2025,MW,12:00 PM,1:30 PM,C,1,48,,465,48,513,278
788,1091,490,601,583,640,717,1247,1462,462,1063,867,838,874,1378,1120,683,1161,621,920,733,1055,855,955,558,1705,952,1465,1070,939,498,932,944,1911,831,797,1708,1066,664,976,1012,927,1748,829,247,1041,1019,1556,1017,680,850,1249,1091,1584,1353,904,692,720,993,955,870,836,271,586,982,293,1295,1443,1381,1265,1152,1245,1322,727,864,1076,1214,1621,1109,1131,0,1035,806,1245,470,1484,1405,931,1425,534,957,878,1129,1243,798,736,1181,637,469,858,ACCT7420402,2025,Fall,ACCT,ACCT7420,Financial Reporting and Business Analysis,LAMBERT,Full,08 25 2025,12 03 2025,MW,1:45 PM,3:15 PM,D,1,48,,1085,-138,947,391
871,1113,1140,994,1152,1160,1209,1025,1120,1117,1104,1309,927,827,1433,798,1306,682,1333,1085,551,1253,1328,1257,952,1178,673,1337,933,740,586,804,1390,1241,878,1063,1094,1152,1406,1143,1311,857,740,1401,1533,787,955,1337,838,1264,1330,958,616,1148,782,824,1180,1070,971,1157,1049,1133,1068,789,862,1448,1063,1192,1027,1152,1108,1197,925,1066,1059,1090,847,855,1497,493,1185,1009,1142,1114,1336,1293,704,1314,1096,987,1311,1335,1246,1113,973,786,1014,1529,1417,981,FNCE6110001,2025,Fall,FNCE,FNCE6110,Corporate Finance,DIECKMANN,Full,08 25 2025,12 03 2025,TR,8:30 AM,10:00 AM,A,1,75,,1061,4,1065,232
1898,1546,1721,1401,1717,1753,1604,1833,1844,2058,2400,1642,1709,1773,1877,1960,2052,1702,1871,1563,2082,1518,1689,1613,1931,1916,1888,2146,1800,1742,1665,1359,2120,2218,1226,1372,1888,1553,2019,1470,1670,1674,1790,1748,1929,1586,1331,1561,1601,1807,1083,1556,1838,1953,1693,1635,1754,1552,1961,1867,1718,1378,1934,1579,1703,1763,2051,1784,1598,2149,2149,1847,1540,1602,1745,1496,1767,1756,1708,1881,1564,2086,1820,1872,1558,1356,1838,999,1614,1651,2014,1857,1910,1835,1530,1554,1408,1683,1843,1611,FNCE6110002,2025,Fall,FNCE,FNCE6110,Corporate Finance,DIECKMANN,Full,08 25 2025,12 03 2025,TR,10:15 AM,11:45 AM,B,1,78,,1712,41,1753,214
1854,1487,1444,1875,1656,1715,1716,1534,1466,1664,1862,1749,1837,1213,1649,1513,1483,1003,1586,1295,1637,1315,1518,1203,1480,1252,1496,1930,1640,1702,1447,1800,1560,1485,1407,1970,1583,1401,1373,1478,1316,1557,1365,1494,1684,1614,1709,1495,1546,1869,1706,1199,1223,1718,1625,1338,2098,1450,1344,1090,1393,1051,1655,1979,1216,1976,1465,966,1255,1434,1596,1591,1599,1655,1740,1405,1659,1725,1258,1479,1339,1546,1687,1701,1818,1150,1396,984,1096,1767,1703,1734,1674,1734,1255,1330,1774,1627,1286,1274,FNCE6110003,2025,Fall,FNCE,FNCE6110,Corporate Finance,DIECKMANN,Full,08 25 2025,12 03 2025,TR,1:45 PM,3:15 PM,D,1,78,,1782,-277,1505,239
2121,1771,1788,1920,2115,1477,1665,1665,1777,2228,1664,1911,1558,1846,1946,1927,1455,1630,1904,1564,1934,1982,1477,1811,2126,2159,1821,1647,1870,1663,1682,1489,1772,2174,2057,1789,1780,1851,1696,1887,1992,2002,1993,1811,2389,1722,1610,1882,2062,1548,1663,1806,1747,1993,1705,1889,1690,2109,1858,1992,1958,1591,1700,1634,2059,1680,2036,1888,1835,1890,2263,2084,1756,1892,1837,1747,1583,1878,1880,2187,1980,1755,1370,1962,1874,2020,1984,1557,1783,1995,1828,1905,1881,1645,1831,2095,1899,2116,2147,1708,FNCE6110004,2025,Fall,FNCE,FNCE6110,Corporate Finance,DIECKMANN,Full,08 25 2025,12 03 2025,TR,3:30 PM,5:00 PM,E,1,75,,1796,64,1860,206
378,692,606,749,559,500,593,212,394,282,598,573,755,465,410,442,156,724,499,496,745,582,589,412,340,372,132,738,533,690,154,163,452,187,319,710,692,533,445,593,268,409,340,450,383,399,302,630,522,554,360,209,422,260,279,561,32,377,599,86,519,560,356,804,524,496,405,485,615,295,476,478,675,650,498,659,433,202,378,658,319,762,717,513,381,447,796,652,427,657,173,327,318,656,745,342,47,368,188,802,FNCE6130001,2025,Fall,FNCE,FNCE6130,Macroeconomics and the Global Economic Environment,WINBERRY,Full,08 25 2025,12 03 2025,TR,8:30 AM,10:00 AM,A,1,78,,750,-278,472,183
977,959,942,1475,1209,1054,1026,672,1027,800,951,1113,1237,1027,1151,979,1140,899,1143,864,1323,962,870,1360,1437,851,1285,1331,843,900,1079,1027,1131,1216,892,999,1315,1452,775,1574,1126,979,965,1373,1086,1158,898,881,1118,1440,910,1179,1429,816,1216,736,1155,694,1304,1278,1117,1367,1171,1178,1308,1252,852,1224,1114,979,990,1104,1209,993,1262,1360,1256,992,1123,1317,1579,1072,816,1220,1231,1013,1296,1287,1004,937,1225,883,1286,676,879,1040,919,1106,802,1092,FNCE6130002,2025,Fall,FNCE,FNCE6130,Macroeconomics and the Global Economic Environment,WINBERRY,Full,08 25 2025,12 03 2025,TR,10:15 AM,11:45 AM,B,1,78,,1179,-86,1093,185
369,790,151,269,650,487,618,489,764,891,480,849,641,608,489,391,5,202,237,286,299,489,563,467,527,241,769,473,765,434,592,389,88,676,546,398,149,866,378,612,336,799,350,460,602,740,487,448,712,597,446,416,489,360,663,896,157,682,646,951,586,747,264,90,458,492,580,579,558,515,644,483,456,0,560,701,590,359,519,369,301,632,393,798,439,608,352,341,632,559,0,353,720,613,673,287,477,601,512,560,FNCE7030001,2025,Fall,FNCE,FNCE7030,Advanced Corporate Finance,GARRETT/YILMAZ,Full,08 25 2025,12 03 2025,MW,10:15 AM,11:45 AM,B,1,51,,501,-10,491,203
154,564,0,0,171,0,322,185,374,0,338,0,0,44,468,0,0,73,0,303,0,289,0,0,72,0,328,0,637,58,0,0,128,0,180,37,226,40,0,18,0,492,162,0,173,71,0,412,21,0,0,204,0,0,244,0,288,28,216,0,0,226,0,292,0,0,0,0,59,286,123,0,206,0,67,70,0,249,0,0,65,47,59,81,37,0,0,0,0,41,0,64,0,0,0,0,137,0,0,280,FNCE7050401,2025,Fall,FNCE,FNCE7050,Investment Management,VAN BINSBERGEN,Full,08 25 2025,12 03 2025,MW,10:15 AM,11:45 AM,B,1,39,,0,-47,0,243
3067,2956,4276,3715,2921,2975,3421,3331,3571,3497,3247,3147,3405,3264,3213,2616,3255,3534,2857,3424,2913,3800,3517,3786,3455,2893,3006,2338,3408,3971,4199,3964,3296,3126,3154,3914,2984,3161,2951,3377,3403,3161,3442,3537,2932,2702,3312,3982,3181,3797,3806,3295,3170,3401,2528,3900,3770,3307,4098,3453,3443,3524,3960,3207,3428,3403,2887,3566,2672,2716,3526,3637,3764,3878,3247,3145,3025,3135,3489,3324,3082,3825,3419,3441,3252,3764,3331,2966,3167,3496,3663,2918,3123,3293,3356,3298,2962,3774,3873,3256,FNCE7070001,2025,Fall,FNCE,FNCE7070,Valuation,WESSELS,Full,08 25 2025,12 03 2025,TR,1:45 PM,3:15 PM,D,1,78,,3571,-254,3317,369
107,124,253,410,195,414,465,203,430,357,378,392,292,277,283,260,191,398,429,289,331,406,409,337,418,217,248,329,383,234,389,491,407,326,365,493,332,192,444,280,271,423,448,273,289,386,271,538,367,526,267,313,436,181,447,171,299,269,372,349,317,312,364,309,393,358,454,324,472,262,290,364,412,331,375,193,384,90,292,462,338,303,336,393,367,380,238,355,342,136,279,463,323,367,381,394,320,223,457,251,FNCE6230001,2025,Fall,FNCE,FNCE6230,Macroeconomics and The Global Economic Environment (Half CU),LANDVOIGT,Q1,08 25 2025,10 06 2025,TR,10:15 AM,11:45 AM,B,0.5,78,,347,-7,340,91
705,640,858,501,609,803,635,683,854,635,687,634,752,737,707,769,698,781,690,743,695,848,612,488,708,783,652,701,610,732,599,911,775,779,753,728,875,702,689,754,869,576,776,696,806,577,634,587,835,827,778,730,685,759,770,610,742,739,831,662,736,708,793,741,676,830,559,732,697,862,717,694,599,673,893,833,660,685,615,612,719,642,713,941,617,832,623,653,595,763,614,804,872,684,936,655,580,668,716,569,FNCE6230003,2025,Fall,FNCE,FNCE6230,Macroeconomics and The Global Economic Environment (Half CU),LANDVOIGT,Q1,08 25 2025,10 06 2025,TR,1:45 PM,3:15 PM,D,0.5,78,,726,-7,720,91
3440,3353,3931,3650,3639,3777,4120,3174,3691,3934,3874,3450,4229,3249,3535,3397,4039,3236,3376,3697,3483,3770,3380,3529,2851,3107,2768,3321,3397,3642,4067,3976,3919,3170,4255,3196,3195,3313,4188,3661,3469,3612,3302,4041,3490,3646,3424,3180,4079,3569,3469,3553,3582,3632,3667,3494,3580,3962,3875,3906,3251,3659,3931,3386,4041,3851,3470,3859,3790,3761,3622,3473,3520,3625,3372,3173,3336,3543,3503,3324,3540,3583,3703,3845,3694,3830,3333,3151,3760,3256,3544,4083,3520,3315,4047,3778,3826,3729,3476,3566,FNCE7070002,2025,Fall,FNCE,FNCE7070,Valuation,WESSELS,Full,08 25 2025,12 03 2025,TR,3:30 PM,5:00 PM,E,1,78,,3527,101,3627,303
1160,861,641,196,1182,993,367,97,1133,929,894,1065,631,358,994,1378,1251,1527,487,730,1154,1094,516,514,1313,1132,900,617,717,0,1778,769,906,580,587,942,751,1250,1075,1107,380,1457,1121,253,965,309,628,0,765,726,197,817,213,1543,960,1149,386,1247,1031,645,787,1071,659,1091,705,608,674,1123,683,1215,369,985,1429,1484,710,1397,650,847,771,165,966,694,1258,797,1541,866,464,845,56,550,1544,1112,1100,700,565,994,1171,936,1257,757,FNCE7170401,2025,Fall,FNCE,FNCE7170,Financial Derivatives,CUOCO,Full,08 25 2025,12 03 2025,TR,1:45 PM,3:15 PM,D,1,30,,631,234,865,430
0,594,547,64,0,569,223,0,0,729,0,0,697,129,743,816,0,357,441,918,360,175,457,548,200,39,1027,441,825,672,612,0,804,213,450,0,254,372,699,710,350,365,1234,827,700,944,593,504,0,40,759,233,0,428,0,640,188,1020,865,508,33,64,940,479,0,559,800,583,0,523,0,328,0,491,0,0,345,371,460,814,599,539,955,0,408,859,0,252,516,386,252,0,747,0,603,481,0,1,234,0,FNCE7170402,2025,Fall,FNCE,FNCE7170,Financial Derivatives,CUOCO,Full,08 25 2025,12 03 2025,TR,3:30 PM,5:00 PM,E,1,30,,367,-38,329,415
0,0,51,62,0,165,69,67,0,161,74,98,0,57,0,16,0,4,150,236,94,83,174,0,0,47,115,229,156,67,48,0,116,0,118,0,0,42,0,81,0,341,0,15,0,0,19,273,50,0,0,0,0,189,27,31,180,98,0,0,0,0,0,0,184,0,0,48,154,0,0,0,7,0,0,82,0,0,0,0,0,0,68,0,0,87,0,0,139,0,0,230,0,200,0,0,48,0,0,0,FNCE7370001,2025,Fall,FNCE,FNCE7370,Data Science for Finance,KOGAN,Full,08 25 2025,12 03 2025,TR,1:45 PM,3:15 PM,D,1,60,,0,-98,0,153
0,0,0,0,428,0,0,0,0,273,0,196,0,117,45,0,266,0,0,30,271,0,236,229,625,322,0,0,0,154,833,107,263,0,60,156,0,657,0,0,0,0,127,124,0,0,0,246,301,0,222,374,193,888,0,0,85,0,69,0,0,0,352,0,280,284,0,862,219,0,0,0,0,7,10,0,0,0,0,63,0,0,73,0,0,0,0,0,67,144,0,549,0,0,147,0,307,0,819,493,FNCE7400001,2025,Fall,FNCE,FNCE7400,"Central Banks, Macroeconomic Policy and Financial Markets",ECKSTEIN/GOMES,Full,08 25 2025,12 03 2025,TR,8:30 AM,10:00 AM,A,1,60,,0,-64,0,339
148,53,230,1,102,0,235,316,0,0,0,485,0,855,157,0,0,0,0,582,251,839,0,60,0,47,363,0,621,348,0,0,228,0,0,549,0,0,0,0,0,0,0,0,0,383,474,0,59,506,0,0,0,0,0,0,0,338,0,64,428,0,154,209,304,898,127,437,119,0,441,145,325,181,0,329,111,0,0,0,0,0,431,259,0,0,0,389,0,52,569,0,0,0,0,152,294,0,0,47,FNCE7400002,2025,Fall,FNCE,FNCE7400,"Central Banks, Macroeconomic Policy and Financial Markets",ECKSTEIN/GOMES,Full,08 25 2025,12 03 2025,TR,10:15 AM,11:45 AM,B,1,60,,85,-48,38,331
933,280,0,225,283,441,0,1004,234,1398,450,1664,836,319,628,1453,1036,0,560,293,1039,1282,358,0,188,370,260,2,1100,276,323,280,882,782,0,1639,930,1493,654,51,1039,1599,767,278,1023,154,1704,662,1053,1027,0,1060,0,779,1052,404,0,489,1172,676,1452,827,0,1749,1032,460,840,22,251,987,622,0,279,154,0,0,1087,545,299,242,929,1151,818,4,184,0,425,0,663,241,950,0,972,952,1001,515,664,0,0,976,FNCE7500001,2025,Fall,FNCE,FNCE7500,Venture Capital and the Finance of Innovation,TAYLOR,Full,08 25 2025,12 03 2025,MW,1:45 PM,3:15 PM,D,1,78,,1169,-595,573,570
525,215,1591,2019,2061,384,1692,661,1568,624,579,959,880,161,1120,424,380,529,650,754,315,0,830,712,1346,793,1000,1322,0,265,1012,866,1190,1052,1053,722,582,306,895,1731,1321,1148,119,1493,161,388,155,1022,893,1566,1123,1228,1159,988,526,849,804,1106,913,882,0,1679,1315,1534,1226,975,1220,775,606,1656,544,524,765,723,803,1346,1512,23,1028,1659,301,0,104,1010,224,2204,1055,1712,743,1788,674,0,933,1037,1488,541,356,1671,204,964,FNCE7500002,2025,Fall,FNCE,FNCE7500,Venture Capital and the Finance of Innovation,TAYLOR,Full,08 25 2025,12 03 2025,MW,3:30 PM,5:00 PM,E,1,78,,522,349,871,513
90,0,0,0,10,0,0,3,0,0,0,167,58,0,0,133,0,61,168,0,8,186,35,103,0,85,0,144,143,0,0,85,45,50,56,46,0,225,0,0,0,0,0,0,28,0,113,46,53,41,252,151,0,0,64,19,0,0,68,0,78,0,208,344,0,107,99,0,29,35,104,19,39,38,14,0,48,0,81,68,70,0,0,0,142,0,0,0,123,0,0,208,190,70,112,0,0,288,0,39,FNCE7510001,2025,Fall,FNCE,FNCE7510,The Finance of Buyouts and Acquisitions,THORBURN/GULTEKIN,Full,08 25 2025,12 03 2025,TR,8:30 AM,10:00 AM,A,1,63,,0,-8,0,127
8,0,49,203,0,0,42,0,0,0,184,0,176,0,38,204,26,0,159,0,57,0,0,27,32,5,113,23,0,42,109,129,172,170,0,36,63,162,0,0,0,197,10,0,210,0,0,0,1,51,0,213,194,79,0,44,50,0,0,134,198,232,78,85,1,0,0,0,0,106,202,0,118,0,86,132,301,0,191,165,21,99,0,0,0,0,0,0,147,4,0,35,156,83,0,177,0,69,0,45,FNCE7510002,2025,Fall,FNCE,FNCE7510,The Finance of Buyouts and Acquisitions,THORBURN/GULTEKIN,Full,08 25 2025,12 03 2025,TR,10:15 AM,11:45 AM,B,1,63,,0,-8,0,127
0,51,119,131,0,20,12,0,192,0,68,88,175,197,0,211,0,77,16,253,56,230,44,29,97,77,0,221,0,0,0,297,0,34,0,0,254,0,49,99,0,358,20,22,0,173,0,9,3,137,0,114,189,0,0,203,296,151,206,221,0,134,0,0,9,64,83,52,52,0,81,154,111,75,0,86,0,220,0,164,0,163,116,0,104,176,0,0,0,0,177,146,72,0,0,0,71,7,135,43,FNCE7510003,2025,Fall,FNCE,FNCE7510,The Finance of Buyouts and Acquisitions,THORBURN/GULTEKIN,Full,08 25 2025,12 03 2025,TR,1:45 PM,3:15 PM,D,1,60,,55,-8,48,127
0,560,340,195,0,1493,454,158,220,654,301,794,0,45,457,0,712,0,0,0,163,1098,0,332,0,28,0,343,940,891,1159,0,0,0,243,623,380,0,0,0,0,813,35,0,409,430,331,164,0,401,254,604,0,977,0,0,406,0,0,0,270,1020,0,0,1310,720,0,467,0,424,97,0,0,138,0,0,585,0,0,0,250,0,0,515,408,118,300,0,0,0,157,486,0,203,124,331,710,368,0,417,FNCE7530001,2025,Fall,FNCE,FNCE7530,Distressed Investing and Value Creation,KAISER,Full,08 25 2025,12 03 2025,MW,10:15 AM,11:45 AM,B,1,78,,0,138,138,548
711,713,0,0,0,175,488,219,563,181,611,0,405,566,372,0,0,0,246,0,0,0,26,0,0,0,0,726,154,0,0,545,393,389,255,0,1009,155,908,0,0,0,381,0,474,570,641,618,419,969,257,417,0,376,756,38,399,0,317,262,1188,0,407,36,673,0,31,0,431,151,486,0,0,404,573,505,0,264,785,42,448,174,0,878,55,713,142,511,0,46,165,583,345,178,0,0,114,176,1004,0,FNCE7800001,2025,Fall,FNCE,FNCE7800,FinTech,KOGAN,Q1,08 25 2025,10 06 2025,TR,10:15 AM,11:45 AM,B,0.5,78,,0,181,181,425
296,213,667,370,129,553,405,477,0,245,460,360,587,77,642,0,394,606,424,377,220,423,191,184,476,67,378,424,67,286,47,749,378,531,535,382,365,397,512,243,224,387,222,729,415,602,596,394,31,554,392,327,244,108,274,364,73,282,286,164,319,282,318,197,607,320,242,449,735,282,582,280,409,329,724,0,436,97,882,217,183,390,426,49,434,147,751,218,324,415,391,454,543,311,103,358,513,480,630,505,FNCE7910401,2025,Fall,FNCE,FNCE7910,Corporate Restructuring,SASSOWER/YILMAZ/SUSSBERG/GEIER,Full,08 25 2025,12 03 2025,M,3:30 PM,5:00 PM,E,1,60,,424,-69,355,206
1200,1369,1421,984,1298,684,1391,861,405,919,1448,1020,1252,1162,265,907,931,1535,1712,1104,1294,952,1002,1396,1787,938,221,1256,801,844,1113,480,1127,1318,794,887,1003,1307,740,994,1264,779,382,65,1358,2035,987,1125,1561,1298,1603,916,1022,1364,1734,560,1877,902,1022,1779,959,675,1331,1430,1389,1703,2133,1705,819,1751,1245,216,1736,984,1102,1640,1525,1336,1056,638,648,1468,1063,898,814,799,1386,529,526,1246,908,1549,1574,1432,981,1408,1584,1112,837,947,FNCE8010001,2025,Fall,FNCE,FNCE8010,Advanced Topics in Private Equity,ZILBERMAN,Full,08 25 2025,12 03 2025,M,5:15 PM,6:45 PM,F,1,78,,933,178,1111,412
100,151,0,204,0,29,238,246,241,0,371,196,124,280,194,1,331,0,116,80,0,45,389,359,53,0,320,27,162,102,89,376,0,115,0,64,345,359,0,0,131,93,52,88,90,160,110,0,0,0,0,153,15,0,0,0,0,261,31,24,449,0,292,207,158,250,320,386,167,0,0,76,0,261,103,240,162,155,0,235,123,128,313,139,384,0,0,144,169,100,70,0,0,110,292,161,80,22,0,262,FNCE8020001,2025,Fall,FNCE,FNCE8020,Shareholder Activism,KAISER,Full,08 25 2025,12 03 2025,MW,3:30 PM,5:00 PM,E,1,77,,114,-16,98,172
53,93,0,25,0,26,31,0,0,12,0,0,34,2,0,0,73,0,0,34,44,32,0,0,8,62,0,2,114,0,8,0,0,0,27,0,0,0,121,33,0,0,93,97,67,0,93,0,14,0,0,0,84,58,81,10,0,90,16,52,0,94,0,19,0,47,0,0,0,0,58,88,22,0,42,48,0,55,0,21,0,38,0,52,12,0,35,13,0,43,82,57,0,0,50,30,0,6,0,85,HCMG8500401,2025,Fall,HCMG,HCMG8500,Health Care Reform and the Future of the American Health Care System,EMANUEL,Full,08 25 2025,12 03 2025,MW,3:30 PM,5:00 PM,E,1,60,,0,6,6,64
171,53,74,0,0,0,30,0,249,204,0,173,5,20,422,186,0,275,0,142,0,0,161,293,0,0,0,0,0,253,155,344,225,0,0,0,24,0,31,10,87,308,43,0,0,0,0,0,130,0,167,0,0,34,1,7,0,0,54,0,0,54,340,86,21,0,48,7,30,255,0,191,0,154,0,21,0,73,207,0,0,155,0,0,0,0,47,0,0,0,0,4,48,99,155,45,115,0,5,0,HCMG8530001,2025,Fall,HCMG,HCMG8530,Management and Strategy in Medical Devices and Technology,SOLOMON/BERGMAN,Full,08 25 2025,12 03 2025,M,3:30 PM,5:00 PM,E,1,40,,0,-11,0,153
0,18,0,0,3,18,0,35,36,39,0,0,0,9,69,0,0,13,28,0,30,7,0,58,30,39,0,28,0,0,0,138,63,81,29,0,71,0,0,0,50,56,58,0,0,0,93,0,11,0,31,29,4,0,0,0,0,0,68,0,43,59,0,0,19,0,58,0,80,70,28,26,0,0,49,0,37,0,20,14,0,0,24,0,20,0,24,36,0,81,0,79,0,38,0,66,14,66,74,0,HCMG8550002,2025,Fall,HCMG,HCMG8550,Management of Health Care for the Elderly,WHITMAN,Q1,08 25 2025,10 06 2025,M,7:00 PM,8:30 PM,G,0.5,35,,0,-34,0,52
0,0,0,88,232,0,0,68,0,0,55,125,102,48,0,0,137,0,0,0,0,106,0,1,11,70,0,130,63,0,238,0,0,37,67,163,0,0,0,14,0,11,40,32,99,0,0,0,22,0,214,0,40,38,63,66,0,102,204,0,56,0,0,0,0,0,135,98,265,32,0,0,53,74,0,10,0,0,23,143,96,0,0,231,58,0,210,0,8,0,23,155,88,145,130,0,162,0,0,0,HCMG8570001,2025,Fall,HCMG,HCMG8570,Healthcare Data and Analytics,KING/SHENFELD,Q1,08 25 2025,10 06 2025,TR,1:45 PM,3:15 PM,D,0.5,45,,0,0,0,119
279,492,592,663,75,430,529,613,1109,381,330,636,832,949,543,330,304,458,433,441,584,596,574,432,1094,336,404,763,696,297,427,795,608,75,95,877,827,534,108,616,523,320,425,666,448,206,481,485,875,514,911,501,472,660,277,462,143,638,566,1030,711,393,322,542,893,765,384,535,628,526,350,250,481,653,402,56,911,543,843,526,550,367,418,564,690,819,469,209,334,475,583,853,791,394,345,428,664,84,475,395,HCMG8580001,2025,Fall,HCMG,HCMG8580,"Health AI: Strategy, Design, and Execution",SHENFELD,Q1,08 25 2025,10 06 2025,TR,10:15 AM,11:45 AM,B,0.5,45,,547,-15,533,249
2,84,20,27,65,61,44,0,25,0,0,65,0,23,46,0,0,0,5,40,63,0,54,0,0,0,63,0,0,0,0,0,0,11,14,0,0,40,67,0,21,18,0,0,34,0,0,0,0,63,50,20,31,0,0,22,0,49,0,12,5,0,1,21,0,20,0,18,0,36,17,12,17,0,27,0,42,0,0,42,0,23,0,0,0,0,4,0,0,37,0,31,20,0,18,8,0,0,58,16,HCMG8700001,2025,Fall,HCMG,HCMG8700,The Business of Behavioral Health,CANDON,Full,08 25 2025,12 03 2025,W,10:15 AM,11:45 AM,B,0.5,50,,0,-20,0,33
0,0,224,0,0,26,380,0,241,217,367,0,552,310,205,295,0,10,118,0,320,115,228,0,0,0,258,155,0,158,126,216,70,0,52,0,0,0,0,526,199,0,272,0,398,0,0,42,181,0,0,0,535,0,0,190,0,81,0,7,0,0,0,0,196,0,142,0,180,443,0,0,0,38,0,204,68,9,0,0,0,0,0,0,376,384,329,0,465,257,470,0,483,0,429,0,22,255,0,38,HCMG8770001,2025,Fall,HCMG,HCMG8770,Funding Biotech,SAPIR,Full,08 25 2025,12 03 2025,M,10:15 AM,11:45 AM,B,0.5,46,,0,-15,0,249
0,21,0,0,1,34,0,75,114,0,0,13,0,4,5,164,0,39,0,20,64,0,0,27,0,76,0,0,0,44,0,77,47,82,29,0,0,68,0,0,0,66,15,33,0,82,140,0,0,38,0,0,0,0,112,0,0,46,9,89,11,141,85,32,0,0,3,37,65,55,79,116,126,0,108,0,0,0,56,26,112,90,0,103,11,99,42,31,140,0,76,4,0,12,0,0,12,0,39,0,HCMG8900001,2025,Fall,HCMG,HCMG8900,Advanced Study Project: Management of Health Care Service Businesses,PRESENT,Full,08 25 2025,12 03 2025,T,3:30 PM,5:00 PM,E,1,72,,572,-558,13,67
594,551,355,663,329,461,559,420,321,318,534,703,1061,1039,525,705,633,377,794,936,176,918,533,1045,885,293,678,18,531,781,200,116,459,314,1107,399,531,495,377,91,1124,247,631,675,434,631,542,951,471,918,522,611,0,544,421,526,532,569,719,433,362,330,50,860,652,656,264,638,685,530,54,891,346,755,1115,883,0,0,165,452,588,620,662,498,909,634,478,621,124,776,882,430,728,546,158,265,180,488,326,1024,LGST5240401,2025,Fall,LGST,LGST5240,Human Rts & Globalization,DE SILVA-DE ALWIS,Full,08 25 2025,12 03 2025,M,3:30 PM,5:00 PM,E,1,20,,511,-15,496,249
1004,1005,954,1243,1275,1074,980,999,944,1385,980,1060,906,1181,713,1077,1224,914,900,792,1045,1006,981,1080,802,909,1216,957,1201,815,1316,1002,1062,1066,791,1172,1149,853,1105,1029,613,1062,819,1035,1179,971,834,934,1136,838,998,1253,992,1099,1310,836,947,911,900,912,1018,931,967,1012,989,1031,1108,930,955,802,1139,1130,1040,954,921,1072,1139,1104,819,1016,1072,818,950,1060,690,934,1153,914,1120,1005,1238,1101,828,1022,944,1128,1070,816,1003,831,LGST6110001,2025,Fall,LGST,LGST6110,Responsibility in Global Management,CONTI-BROWN,Q1,08 25 2025,10 06 2025,R,3:30 PM,5:00 PM,E,0.5,55,,997,16,1013,126
1162,885,1031,975,883,917,982,1128,1060,899,1084,948,1097,1022,894,934,801,1129,807,997,925,1060,919,1004,893,1055,1103,1163,1219,968,1052,1190,935,858,928,1003,832,971,896,1044,948,1064,1070,997,1020,851,1047,1211,1066,1013,1108,1198,1062,881,1058,1111,961,1086,900,934,862,1157,932,963,1055,1065,735,1006,1029,1093,1007,874,833,771,1062,837,875,1140,1020,914,1087,1039,1278,1042,753,1017,947,989,1039,1027,1115,896,1043,1137,1099,925,959,1095,946,1044,LGST6110002,2025,Fall,LGST,LGST6110,Responsibility in Global Management,CONTI-BROWN,Q2,10 20 2025,12 03 2025,R,3:30 PM,5:00 PM,E,0.5,55,,975,16,990,126
377,414,592,467,392,390,562,295,91,503,591,493,263,1173,327,506,307,193,279,519,158,663,586,530,795,558,435,458,738,596,346,1,289,123,525,117,310,542,312,196,604,322,580,725,529,377,748,714,397,565,276,455,292,608,67,409,542,280,276,405,690,190,540,577,684,164,394,548,301,611,601,355,558,531,515,392,584,413,248,794,141,377,553,405,426,403,527,650,397,837,0,191,597,571,486,411,510,163,3,479,LGST6120001,2025,Fall,LGST,LGST6120,Responsibility in Business,FEINSTEIN,Q1,08 25 2025,10 06 2025,MW,10:15 AM,11:45 AM,B,0.5,55,,455,-16,439,199
170,96,371,155,0,146,265,227,293,0,416,173,61,109,0,0,227,189,274,9,178,385,0,314,343,167,94,81,54,0,209,303,15,390,155,63,265,377,233,400,0,0,186,1,238,290,0,0,281,0,158,294,234,277,0,170,0,102,138,311,0,351,121,0,725,0,0,330,341,179,0,0,332,0,0,323,213,64,40,0,199,483,232,0,198,0,0,84,252,270,189,343,0,342,78,107,0,0,0,165,LGST6120002,2025,Fall,LGST,LGST6120,Responsibility in Business,FEINSTEIN,Q2,10 20 2025,12 03 2025,MW,10:15 AM,11:45 AM,B,0.5,55,,137,-16,121,199
470,765,635,643,796,600,537,911,78,331,464,965,729,775,490,592,838,474,789,671,702,1022,736,423,508,672,487,790,863,392,497,195,562,774,859,232,726,986,887,656,636,580,667,409,863,456,796,748,394,553,95,519,506,347,910,1030,965,644,702,91,801,1042,523,600,356,905,612,441,759,765,477,813,438,452,929,621,753,1035,882,556,1052,442,533,748,567,718,527,874,639,661,376,555,690,639,155,1017,528,845,792,910,LGST6120003,2025,Fall,LGST,LGST6120,Responsibility in Business,FEINSTEIN,Q1,08 25 2025,10 06 2025,MW,12:00 PM,1:30 PM,C,0.5,55,,665,-40,625,215
401,135,224,0,65,328,476,0,277,133,87,76,166,85,215,0,149,239,11,0,0,385,190,164,377,336,149,711,386,414,284,328,0,106,9,79,529,147,210,530,315,115,376,0,142,38,272,0,122,90,75,425,126,526,0,310,220,237,34,0,40,31,584,73,38,463,494,436,170,95,166,200,283,583,0,120,0,31,0,166,0,103,54,105,533,5,71,423,0,53,410,561,391,338,193,0,0,0,0,537,LGST6120004,2025,Fall,LGST,LGST6120,Responsibility in Business,FEINSTEIN,Q2,10 20 2025,12 03 2025,MW,12:00 PM,1:30 PM,C,0.5,55,,239,-40,200,215
649,703,652,124,395,496,725,611,671,440,556,753,862,112,650,936,1214,130,954,733,442,212,541,822,224,463,761,459,1024,614,591,235,688,171,213,374,288,570,0,989,765,445,858,313,468,1103,737,1019,692,797,502,747,766,486,211,696,187,499,536,613,1246,1026,297,587,641,639,410,665,728,392,850,667,312,620,583,375,521,737,1063,448,530,164,772,633,673,52,1010,915,639,755,1066,530,499,321,396,666,974,265,661,876,LGST6120005,2025,Fall,LGST,LGST6120,Responsibility in Business,SHELL,Q1,08 25 2025,10 06 2025,T,3:30 PM,5:00 PM,E,0.5,56,,705,-41,664,298
403,504,473,172,378,337,172,247,218,602,194,599,189,184,114,369,263,446,419,243,73,128,446,93,48,414,22,567,106,307,482,0,491,416,626,568,319,249,122,559,469,437,372,533,371,678,384,237,380,298,0,227,374,481,411,188,354,270,462,393,173,359,406,513,374,213,533,0,217,180,341,320,449,309,195,766,313,327,95,325,140,497,458,319,91,160,353,0,208,191,452,250,171,553,0,314,305,297,246,0,LGST6130001,2025,Fall,LGST,LGST6130,"Business, Social Responsibility, and the Environment",LIGHT,Q1,08 25 2025,10 06 2025,TR,10:15 AM,11:45 AM,B,0.5,55,,569,-251,318,187
116,453,571,28,0,253,0,0,0,86,0,13,0,0,0,0,0,0,0,0,0,8,0,0,17,33,0,138,343,0,0,0,256,0,37,0,0,0,0,166,0,0,163,0,181,215,399,0,0,0,0,0,0,40,0,6,0,103,45,142,89,42,107,175,222,230,0,0,123,0,0,0,255,190,0,0,48,0,0,162,226,456,0,0,20,0,0,760,0,113,0,45,83,69,0,147,0,0,180,0,LGST6130002,2025,Fall,LGST,LGST6130,"Business, Social Responsibility, and the Environment",LIGHT,Q2,10 20 2025,12 03 2025,TR,10:15 AM,11:45 AM,B,0.5,55,,174,-251,0,187
847,545,674,581,251,575,697,397,440,664,536,315,693,631,582,433,611,590,663,565,433,281,498,494,313,365,551,455,538,340,537,648,467,422,793,716,444,433,203,257,288,680,350,532,779,718,744,659,663,234,406,461,418,446,502,703,348,484,580,551,698,262,404,250,668,283,519,587,568,448,452,539,364,515,380,384,443,469,136,482,547,478,574,322,779,659,615,685,557,471,326,428,532,541,517,589,625,188,497,412,LGST6420002,2025,Fall,LGST,LGST6420,"Big Data, Big Responsibilities: Toward Accountable Artificial Intelligence",PLUMB,Q2,10 20 2025,12 03 2025,W,3:30 PM,5:00 PM,E,0.5,59,,502,11,512,173
0,54,0,0,119,105,0,0,0,117,18,211,50,7,0,0,0,40,64,19,36,18,98,21,0,93,29,0,32,0,0,0,0,0,0,0,272,0,118,0,127,125,94,0,0,0,0,109,0,261,156,0,0,221,159,56,153,204,0,36,84,0,191,0,0,231,0,151,0,124,9,0,61,0,142,223,0,0,0,0,0,2,20,0,0,0,0,0,159,0,46,0,0,7,19,28,0,0,0,0,LGST6440001,2025,Fall,LGST,LGST6440,"Blockchain and Cryptocurrencies: Business, Legal and Regulatory Considerations",REDEL,Full,08 25 2025,12 03 2025,W,3:30 PM,5:00 PM,E,1,59,,0,8,8,128
297,0,21,676,52,0,1215,0,1050,0,971,203,0,551,898,861,727,0,843,644,0,0,208,291,114,0,0,0,430,0,1250,90,0,746,157,114,0,186,1103,574,0,368,649,1008,186,0,783,332,0,0,898,407,1481,0,1422,0,133,578,510,1059,898,0,1109,1697,0,0,654,1209,286,0,225,805,0,913,356,0,743,615,925,137,0,38,608,0,238,1164,0,367,0,0,205,848,0,0,707,727,194,0,273,300,LGST7620401,2025,Fall,LGST,LGST7620,Environmental Sustainability and Value Creation,JACOBY,Q1,08 25 2025,10 06 2025,M,3:30 PM,5:00 PM,E,0.5,40,,543,-314,228,664
265,283,231,301,224,210,275,301,224,295,252,253,224,286,263,278,216,210,275,245,288,246,236,235,285,293,313,272,249,236,262,307,335,228,249,326,287,233,282,249,270,261,295,229,279,280,248,299,291,298,295,242,239,269,288,277,279,234,264,283,293,343,264,230,293,208,231,232,276,237,230,274,229,200,314,326,335,190,305,297,280,199,276,220,281,246,240,318,268,257,269,345,274,249,289,209,245,275,241,217,LGST8060407,2025,Fall,LGST,LGST8060,Negotiations,MAX,Full,08 25 2025,12 03 2025,MW,1:45 PM,3:15 PM,D,1,48,,305,-45,260,35
0,21,36,0,0,18,0,9,0,0,0,0,17,19,51,29,0,19,0,0,31,0,2,0,44,49,0,5,16,28,0,0,0,21,1,42,0,0,0,0,42,5,38,0,7,0,0,0,41,8,0,0,0,0,56,0,23,0,2,17,6,41,0,25,0,0,25,26,0,0,36,31,34,0,0,0,0,45,42,31,0,0,0,0,14,0,7,0,0,0,10,21,16,81,3,0,0,14,24,2,LGST8060408,2025,Fall,LGST,LGST8060,Negotiations,MAX,Full,08 25 2025,12 03 2025,MW,3:30 PM,5:00 PM,E,1,48,,0,-39,0,35
195,281,172,207,194,213,227,209,200,223,167,228,176,246,201,199,185,235,186,184,199,230,196,193,185,207,223,183,211,223,246,193,196,286,214,237,230,213,174,176,229,209,234,207,208,213,217,224,220,186,183,248,185,133,234,216,220,196,198,210,223,200,221,237,222,228,219,226,233,226,225,255,240,220,220,222,227,184,212,209,219,221,226,190,229,169,197,202,242,226,226,139,197,220,184,240,237,220,216,182,LGST8060409,2025,Fall,LGST,LGST8060,Negotiations,BHATIA,Full,08 25 2025,12 03 2025,T,3:30 PM,5:00 PM,E,1,48,,213,0,213,26
2187,2146,2201,2316,2122,2113,2611,2268,1982,1891,2383,2374,2169,2203,2223,1975,2421,2274,2285,2140,2263,2067,2343,2321,2258,2170,2335,2009,2327,2088,2152,2005,2488,2572,2027,2102,2255,2083,2201,2187,2151,2055,2067,2495,2388,2125,2100,2559,2492,2460,2213,2340,2092,2337,2299,2210,2282,2193,2022,2087,2280,2168,2185,2165,1752,1932,1965,2272,1959,2138,2224,2036,2124,2315,2255,2093,1957,2252,2228,2154,2457,2499,1729,2216,2147,2330,2130,2205,2449,2144,2219,2427,2466,2104,2439,2105,2265,2433,2119,2329,LGST8130001,2025,Fall,LGST,LGST8130,Legal and Transactional Aspects of Entrepreneurship,BORGHESE,Full,08 25 2025,12 03 2025,M,3:30 PM,5:00 PM,E,1,75,,2318,-72,2246,195
0,0,0,341,67,130,125,0,427,0,0,0,0,0,0,392,133,79,76,0,0,0,160,270,177,0,0,236,67,105,0,0,0,472,0,389,0,225,0,0,94,0,0,0,81,0,0,0,137,208,674,0,0,518,0,331,13,0,0,488,37,0,280,0,262,0,395,48,17,200,360,0,0,0,170,246,0,63,0,28,144,111,178,0,41,216,0,56,31,191,419,0,0,311,59,0,0,195,0,164,LGST8140401,2025,Fall,LGST,LGST8140,International Business Transactions in Industrialized and Emerging Economies,NICHOLS,Full,08 25 2025,12 03 2025,MW,10:15 AM,11:45 AM,B,1,20,,0,-15,0,249
297,520,252,349,340,547,427,299,823,419,240,328,0,220,43,167,568,331,137,156,394,187,208,396,740,233,536,255,75,144,656,297,556,689,412,621,162,306,268,477,443,128,0,87,534,0,125,402,476,150,396,806,449,692,178,194,48,0,103,397,8,227,31,0,211,220,285,43,417,366,240,405,180,680,529,651,303,330,330,0,383,478,308,13,0,162,19,39,283,712,298,271,846,291,365,273,286,33,0,454,MGMT6110001,2025,Fall,MGMT,MGMT6110,Managing Established Enterprises,PONGELUPPE/TRANCHERO,Full,08 25 2025,12 03 2025,MW,8:30 AM,10:00 AM,A,1,78,,294,9,303,235
721,859,637,640,538,861,156,252,329,198,470,694,343,720,142,516,401,506,694,252,507,560,12,373,264,588,199,0,383,703,741,478,304,299,784,595,384,235,610,307,457,286,588,192,226,525,632,0,650,367,11,643,189,474,358,486,255,4,320,229,278,496,544,234,262,715,120,210,155,21,535,664,753,374,442,274,343,616,148,177,480,628,582,145,489,505,581,647,310,585,49,168,739,661,405,421,404,453,0,243,MGMT6110002,2025,Fall,MGMT,MGMT6110,Managing Established Enterprises,PONGELUPPE/TRANCHERO,Full,08 25 2025,12 03 2025,MW,10:15 AM,11:45 AM,B,1,78,,423,9,432,235
613,634,318,635,312,636,283,423,647,714,442,124,438,580,962,606,705,632,757,535,582,189,472,155,296,612,547,265,781,750,1169,503,701,1214,948,238,336,1057,747,884,135,677,269,303,698,799,642,340,893,761,874,683,953,322,582,695,644,984,425,990,1084,588,618,551,585,569,738,589,653,528,647,611,837,593,901,1026,233,893,856,716,974,534,438,767,759,803,400,179,491,809,575,534,734,803,925,515,659,609,957,670,MGMT6110003,2025,Fall,MGMT,MGMT6110,Managing Established Enterprises,PONGELUPPE/TRANCHERO,Full,08 25 2025,12 03 2025,MW,1:45 PM,3:15 PM,D,1,78,,626,9,635,235
249,418,3,368,252,329,418,538,225,730,320,138,530,558,510,197,117,414,451,388,349,165,266,6,405,767,246,203,299,327,361,176,488,24,534,348,128,653,0,348,483,672,835,0,111,0,321,578,67,97,243,738,156,152,530,211,845,105,295,151,14,257,589,63,264,207,374,800,499,434,437,340,562,473,337,625,315,476,310,59,41,132,103,100,383,151,285,417,596,142,287,416,229,80,347,773,503,521,204,493,MGMT6120001,2025,Fall,MGMT,MGMT6120,Management of Emerging Enterprises,CAMERON/HERNANDEZ/HSU,Full,08 25 2025,12 03 2025,TR,8:30 AM,10:00 AM,A,1,78,,314,7,321,231
550,552,541,434,422,724,0,406,502,327,152,199,535,142,798,317,591,845,307,249,120,657,494,507,434,499,570,370,332,465,290,478,795,264,214,533,334,468,699,266,201,505,478,544,433,495,612,601,81,587,622,493,519,0,690,674,432,457,448,1129,201,610,278,610,301,304,767,948,713,268,899,368,385,221,664,613,252,540,303,364,733,236,158,399,354,960,232,175,426,379,478,0,353,804,744,786,836,358,471,477,MGMT6120002,2025,Fall,MGMT,MGMT6120,Management of Emerging Enterprises,CAMERON/HERNANDEZ/HSU,Full,08 25 2025,12 03 2025,TR,10:15 AM,11:45 AM,B,1,78,,443,7,450,231
629,806,674,569,548,963,847,265,471,1220,882,582,934,448,713,862,583,553,711,1023,816,222,791,704,595,550,635,437,623,730,658,681,573,801,525,839,642,764,1001,629,785,820,701,840,618,343,275,450,915,1052,738,352,843,479,693,304,726,857,689,294,520,502,428,401,807,626,508,697,257,950,696,86,364,774,453,906,902,294,1023,492,955,677,785,524,880,1209,781,441,643,526,514,735,1037,796,904,1109,786,525,752,795,MGMT6120003,2025,Fall,MGMT,MGMT6120,Management of Emerging Enterprises,CAMERON/HERNANDEZ/HSU,Full,08 25 2025,12 03 2025,TR,1:45 PM,3:15 PM,D,1,78,,646,7,654,231
0,0,0,42,29,0,32,13,0,0,0,29,0,5,0,0,15,0,0,0,11,0,9,10,0,0,9,18,19,0,2,11,18,0,0,0,0,0,16,24,0,0,5,20,16,8,0,22,5,7,0,14,30,4,5,5,0,0,0,0,0,0,16,10,33,0,0,16,46,16,23,0,0,0,0,0,42,19,0,6,15,0,2,0,0,0,0,9,5,23,17,35,0,0,13,6,0,0,1,0,MGMT6240002,2025,Fall,MGMT,MGMT6240,Leading Across Cultural and Relational Differences,CREARY,Q2,10 20 2025,12 03 2025,MW,3:30 PM,5:00 PM,E,0.5,72,,0,-1,0,24
430,0,0,390,600,28,0,245,100,258,0,0,0,273,58,0,1009,0,0,73,0,117,322,299,202,449,8,145,905,246,0,473,0,82,0,157,0,0,0,0,430,0,0,200,311,0,0,0,96,22,0,385,0,0,312,0,307,0,200,0,147,0,0,316,692,0,289,962,131,0,475,235,0,0,201,83,192,0,0,87,642,0,623,0,58,42,0,0,479,0,0,0,0,76,0,115,20,0,566,0,MGMT6910411,2025,Fall,MGMT,MGMT6910,Negotiations,HERRMANN,Full,08 25 2025,12 03 2025,TR,10:15 AM,11:45 AM,B,1,48,,0,-146,0,407
1052,1071,1221,1256,1281,1281,1271,1298,1323,961,960,1167,1331,1228,1169,1283,1340,1121,1216,1219,1351,1167,1206,1185,1274,1114,1311,1132,1127,1086,1138,1521,1439,1268,1321,1263,1085,1186,1119,1401,1310,1162,1157,1127,1174,1076,1105,1191,1030,1248,1270,1363,1200,1339,1136,1174,1182,1177,954,1287,1231,1284,1042,1523,1010,1268,1230,1313,1314,1003,988,1223,1361,1484,1049,1283,1299,1146,1132,1345,1416,1280,1121,1352,1393,1045,1228,928,1228,1269,1301,1365,1403,1335,1475,1105,1421,1372,1101,1125,MGMT7010002,2025,Fall,MGMT,MGMT7010,Strategy and Competitive Advantage,SIGGELKOW,Q2,10 20 2025,12 03 2025,MW,1:45 PM,3:15 PM,D,0.5,78,,1259,-30,1230,140
1110,954,1175,838,1099,1039,998,911,995,1023,1130,951,1209,990,1243,875,1098,1343,1116,1054,1189,1099,837,1148,992,1228,1068,776,1266,943,1215,1130,1231,1009,1406,1036,1244,1202,1183,1179,1087,1361,876,933,1506,1452,830,1125,1034,780,1117,1189,1210,1125,923,1156,1258,1026,979,1004,1134,763,1128,985,1135,815,1142,1223,1302,980,1236,1144,1019,1221,838,1236,1087,1080,1367,1021,1327,999,967,1074,1082,1144,976,1056,1075,1291,1218,1043,999,1280,724,1173,991,1177,1131,997,MGMT7010004,2025,Fall,MGMT,MGMT7010,Strategy and Competitive Advantage,SIGGELKOW,Q2,10 20 2025,12 03 2025,MW,3:30 PM,5:00 PM,E,0.5,78,,1179,-79,1100,146
263,297,540,0,436,636,613,122,139,308,388,282,123,194,310,534,217,382,239,346,322,282,405,357,113,362,284,440,160,233,191,407,392,160,495,134,306,239,19,190,378,112,447,278,509,185,190,293,72,202,312,141,253,400,345,136,200,224,218,448,272,349,271,327,307,328,112,340,0,404,0,348,360,625,372,247,323,163,440,261,225,469,329,379,93,142,217,349,211,169,300,202,176,186,324,33,0,310,205,413,MGMT7310001,2025,Fall,MGMT,MGMT7310,Technology Strategy,RAJ,Full,08 25 2025,12 03 2025,TR,3:30 PM,5:00 PM,E,1,78,,361,-72,290,144
0,62,37,0,83,0,76,76,206,0,373,42,66,152,134,8,0,48,154,0,124,11,133,51,0,0,27,154,15,93,11,10,0,64,169,0,149,30,131,0,158,221,0,98,0,0,1,54,0,0,83,0,121,200,0,42,0,78,15,169,92,314,0,0,110,174,141,80,170,147,0,0,0,0,73,10,6,168,65,91,42,147,323,102,20,191,0,208,0,15,173,0,79,11,27,0,73,51,35,173,MGMT7840401,2025,Fall,MGMT,MGMT7840,Managerial Economics and Game Theory,SELMAN,Q1,08 25 2025,10 06 2025,TR,1:45 PM,3:15 PM,D,0.5,30,,60,-6,54,102
222,198,358,279,422,0,214,154,0,8,397,42,506,0,295,0,150,236,461,354,210,129,141,181,0,196,9,87,8,125,515,0,285,491,375,16,104,223,296,90,91,323,75,281,378,0,0,69,21,48,170,237,119,552,319,0,131,199,426,99,298,93,0,0,74,97,0,401,310,468,390,0,239,291,318,164,23,229,116,420,93,162,0,217,338,281,245,372,188,166,200,270,194,219,0,345,379,439,0,42,MGMT7860002,2025,Fall,MGMT,MGMT7860,Reforming Mass Incarceration and the Role of Business,PHILLIPS,Q2,10 20 2025,12 03 2025,R,3:30 PM,5:00 PM,E,0.5,72,,158,-1,157,170
0,656,506,0,235,582,525,461,71,61,163,266,1103,112,614,882,81,320,766,725,518,373,505,1003,161,304,961,604,768,694,117,0,1302,235,601,0,662,0,489,754,707,450,983,702,651,101,108,333,256,486,0,0,359,0,391,66,123,481,712,321,346,422,725,0,419,676,465,434,511,0,671,209,714,684,0,993,487,36,714,557,0,403,147,1098,333,1218,0,691,360,628,710,0,0,536,379,306,833,520,0,261,MGMT7880401,2025,Fall,MGMT,MGMT7880,Managing and Competing in China,ABRAMI,Full,08 25 2025,12 03 2025,MW,3:30 PM,5:00 PM,E,1,54,,590,-145,445,375
0,0,0,124,224,31,0,0,0,0,36,0,99,31,151,109,0,0,3,0,121,44,28,111,0,0,0,62,12,0,0,45,21,182,22,77,0,48,161,32,0,2,152,144,0,96,0,2,6,50,0,62,0,0,0,0,0,0,1,0,46,0,116,0,0,0,28,47,0,24,0,96,10,0,56,0,18,60,0,0,38,0,44,0,66,0,0,52,0,0,75,0,138,25,0,116,68,0,93,57,MGMT7930402,2025,Fall,MGMT,MGMT7930,People Analytics,BIDWELL,Q2,10 20 2025,12 03 2025,MW,1:45 PM,3:15 PM,D,0.5,78,,7,-31,0,99
0,0,37,0,0,0,8,0,21,27,54,83,0,129,92,21,0,20,98,30,279,147,9,92,0,0,83,0,0,59,44,80,75,0,2,42,0,127,0,120,0,3,0,0,98,0,0,58,0,103,0,0,0,0,50,0,0,0,66,0,37,0,57,0,116,0,41,0,0,33,0,85,0,0,29,0,0,0,170,0,0,0,0,0,94,0,0,0,0,174,0,3,0,0,98,108,7,0,0,0,MGMT7930404,2025,Fall,MGMT,MGMT7930,People Analytics,BIDWELL,Q2,10 20 2025,12 03 2025,MW,3:30 PM,5:00 PM,E,0.5,78,,0,-12,0,90
1019,224,1383,1052,1223,1337,1002,800,397,1155,567,712,1262,1709,1040,90,955,1704,1072,718,809,720,907,1431,1135,1499,1196,1359,871,694,401,1072,941,1628,746,1660,797,1149,1074,1081,1017,939,1234,1164,1795,1299,150,1566,1001,997,1157,944,881,1229,1224,816,936,682,771,610,1356,1318,935,1301,1449,992,1387,1150,530,770,1414,771,1153,728,818,1136,1064,1214,816,664,1085,1248,1435,1100,215,1212,560,841,1296,810,1022,117,1100,708,460,606,1224,746,1403,1436,MGMT7990001,2025,Fall,MGMT,MGMT7990,Geo-Economics: Strategies for the New Era of Globalization and Great Power Rivalry,EL-ERIAN,Q1,08 25 2025,10 06 2025,T,3:30 PM,5:00 PM,E,0.5,60,,1205,-224,981,342
447,209,445,370,521,496,384,361,104,582,464,340,500,308,121,530,292,397,471,248,267,392,316,435,303,356,291,150,289,237,383,330,431,431,654,197,361,118,307,666,290,384,562,184,498,118,278,516,471,493,349,522,400,406,268,440,286,410,378,523,210,279,334,153,495,337,352,124,254,261,302,113,426,76,431,468,239,297,316,297,307,133,700,420,225,200,536,598,98,401,443,514,333,669,444,570,131,456,247,332,MGMT8010001,2025,Fall,MGMT,MGMT8010,Entrepreneurship,PIEZUNKA,Q1,08 25 2025,10 06 2025,TR,12:00 PM,1:30 PM,C,0.5,78,,342,2,344,151
0,0,0,33,5,320,104,0,0,0,193,0,192,65,0,48,0,122,158,143,0,0,17,122,89,111,0,0,200,0,0,167,184,8,12,249,201,128,43,0,235,280,117,0,0,0,235,149,0,141,0,20,36,97,0,531,0,0,0,31,369,157,0,118,244,71,66,0,34,7,165,0,0,201,147,221,438,142,0,366,154,28,64,205,96,0,0,0,262,153,0,176,165,42,306,254,0,94,0,20,MGMT8010002,2025,Fall,MGMT,MGMT8010,Entrepreneurship,PIEZUNKA,Q2,10 20 2025,12 03 2025,TR,12:00 PM,1:30 PM,C,0.5,78,,52,2,54,151
0,0,92,4,0,0,32,30,0,47,27,0,0,0,0,8,0,0,0,48,0,23,17,0,0,0,0,0,0,12,71,16,0,0,0,35,0,0,0,0,0,0,13,61,0,0,0,14,0,22,0,71,0,0,0,40,8,0,0,0,49,58,0,0,0,34,0,0,14,5,9,93,1,20,82,20,26,0,0,0,25,0,35,0,11,42,46,4,0,0,66,0,1,57,0,21,52,70,90,13,MGMT8040001,2025,Fall,MGMT,MGMT8040,Venture Capital and Entrepreneurial Management,AMIT,Q1,08 25 2025,10 06 2025,MW,10:15 AM,11:45 AM,B,0.5,78,,0,-22,0,44
5,0,0,72,0,0,0,19,0,0,13,96,0,41,0,15,88,33,50,0,33,0,0,0,0,0,7,34,0,39,7,0,0,51,57,0,0,44,0,0,0,0,0,9,0,0,0,7,6,0,0,4,0,27,74,0,54,0,0,74,7,0,34,0,0,75,45,0,29,0,0,0,0,0,0,1,0,10,0,17,31,0,0,0,39,57,72,0,47,38,0,15,49,0,0,50,6,0,0,53,MGMT8040002,2025,Fall,MGMT,MGMT8040,Venture Capital and Entrepreneurial Management,AMIT,Q2,10 20 2025,12 03 2025,MW,12:00 PM,1:30 PM,C,0.5,78,,0,-18,0,47
25,9,0,28,0,0,6,0,5,0,10,0,28,6,28,0,17,15,57,0,9,0,0,43,16,0,5,0,9,0,24,0,0,0,0,0,0,0,0,0,0,17,7,8,37,19,0,1,21,0,22,0,0,26,0,32,0,0,5,0,6,0,0,11,5,0,0,0,0,18,0,15,0,3,36,0,17,0,3,16,0,34,0,0,21,10,0,0,0,59,4,0,0,24,28,0,0,21,12,27,MGMT8110001,2025,Fall,MGMT,MGMT8110,Entrepreneurship Through Acquisition,CHALFIN,Q1,08 25 2025,10 06 2025,MW,3:30 PM,5:00 PM,E,0.5,78,,0,1,1,25
2266,2199,1860,2151,1331,2453,2195,1880,2591,2038,2107,2223,1897,2114,1947,2264,2214,2043,2014,1151,1755,1592,2154,2168,2305,2271,1088,2117,2043,2331,1955,1926,1750,1481,2009,1315,1446,2605,1971,1881,2128,2418,2040,1878,2090,2666,1952,2308,2474,2091,2399,1947,2387,2683,1450,1207,1798,2404,1992,1896,1104,2146,1486,2337,2603,1380,2855,2149,2082,2466,1846,2242,1998,1664,1864,1768,1586,3069,1678,2024,1493,1812,2165,1841,2231,2468,2413,1967,2408,2552,2126,2186,2224,1970,1905,2104,1884,2387,2446,1903,MGMT8140001,2025,Fall,MGMT,MGMT8140,Search Fund Entrepreneurship,VESTERMAN/ZREIK,Q1,08 25 2025,10 06 2025,TR,12:00 PM,1:30 PM,C,0.5,78,,1513,488,2001,405
176,0,127,123,158,285,311,242,104,261,70,124,177,79,294,61,299,189,179,459,163,42,306,310,313,148,0,105,88,237,241,88,165,130,249,156,325,235,0,98,0,142,186,13,300,145,215,174,317,43,269,187,211,221,0,195,34,187,83,257,277,90,224,328,206,210,33,325,275,157,68,157,222,124,0,90,59,255,216,362,225,209,112,0,123,191,346,170,340,188,123,126,74,323,146,290,68,197,62,147,MGMT8310401,2025,Fall,MGMT,MGMT8310,Entrepreneurship Launchpad,PIEZUNKA,Q2,10 20 2025,12 03 2025,TR,3:30 PM,5:00 PM,E,0.5,40,,199,-19,180,103
232,190,104,310,139,262,292,357,220,105,174,256,209,201,345,213,267,316,270,181,351,206,223,278,271,243,183,332,155,236,362,253,285,330,118,268,284,209,294,323,316,221,250,325,154,117,237,233,287,228,230,260,274,282,144,322,256,251,225,216,149,177,339,298,249,265,379,310,324,196,228,227,179,278,259,249,227,214,431,187,222,200,336,221,176,257,255,235,87,138,75,220,358,313,273,114,359,350,267,327,MGMT8330401,2025,Fall,MGMT,MGMT8330,Strategies and Practices of Family-controlled Companies,ALEXANDER,Q1,08 25 2025,10 06 2025,MW,12:00 PM,12:00 PM,C,0.5,40,,278,-24,253,69
1776,1738,1716,1571,1780,1755,1549,1901,1789,1801,1821,1772,1766,1847,1726,1875,1920,1934,1703,1550,1816,1595,1781,1762,1769,1903,1764,1731,1726,1598,1723,1688,1654,1874,1899,1668,1697,1852,1901,1696,1681,1815,1699,1905,1894,1619,1881,1803,1819,1613,1822,1794,1787,1745,1732,1795,1823,1812,1775,1904,1618,2016,1537,1996,1663,1672,1965,1713,1589,1826,1779,1798,1661,1890,1760,1616,1660,1805,1728,1732,1823,1736,1809,1676,1739,1563,1846,1639,1711,1902,1737,1750,1854,1869,1591,1771,1770,1485,1882,1808,MGMT8710002,2025,Fall,MGMT,MGMT8710,Advanced Global Strategy,HERNANDEZ,Q2,10 20 2025,12 03 2025,MW,10:15 AM,10:15 AM,B,0.5,78,,1764,-3,1760,105
0,287,536,106,873,178,234,13,227,110,0,0,236,0,50,223,870,277,192,213,205,253,198,205,188,43,0,736,179,98,337,201,0,46,254,502,235,53,0,571,621,360,0,0,704,176,59,0,561,0,156,293,568,167,303,491,507,0,0,0,323,211,691,42,332,0,472,127,472,94,0,262,412,14,394,0,136,76,147,100,561,236,0,222,495,245,0,438,0,12,228,369,600,509,462,89,0,751,0,670,MKTG6120002,2025,Fall,MKTG,MKTG6120,Dynamic Marketing Strategy,REED,Q2,10 20 2025,12 03 2025,MW,8:30 AM,10:00 AM,A,0.5,75,,286,-98,188,312
6,183,107,419,668,94,82,165,229,419,51,297,309,197,927,419,183,390,0,292,537,289,288,182,415,0,0,364,0,178,387,133,387,244,18,161,66,675,534,0,0,30,606,306,497,1197,0,87,0,384,46,550,223,0,550,675,750,241,364,451,603,0,74,455,687,84,446,621,70,428,264,184,93,147,645,535,714,132,0,630,81,0,343,559,537,0,117,30,53,0,27,253,77,156,0,488,0,114,0,452,MKTG6120004,2025,Fall,MKTG,MKTG6120,Dynamic Marketing Strategy,REED,Q2,10 20 2025,12 03 2025,MW,10:15 AM,11:45 AM,B,0.5,75,,685,-432,252,316
13,639,830,482,0,538,718,228,350,636,844,484,633,125,934,395,385,410,995,209,306,457,383,18,147,635,284,353,0,568,0,829,0,361,498,935,892,307,404,470,359,134,19,710,623,406,620,213,574,861,226,833,632,1205,384,769,154,797,529,0,464,860,981,583,227,0,669,252,378,280,460,173,925,283,790,643,556,239,498,509,310,270,796,288,834,363,581,0,265,0,319,0,224,42,469,95,295,139,143,584,MKTG6120006,2025,Fall,MKTG,MKTG6120,Dynamic Marketing Strategy,REED,Q2,10 20 2025,12 03 2025,TR,8:30 AM,10:00 AM,A,0.5,75,,481,-98,383,312
319,0,351,314,151,38,0,10,0,0,419,253,151,933,0,127,931,448,114,198,286,31,211,465,207,148,456,0,368,728,366,708,226,0,0,99,78,448,0,409,682,715,338,528,30,220,58,950,360,599,171,182,0,639,0,21,0,337,920,540,496,196,330,213,283,10,0,0,445,238,544,260,340,522,451,492,0,0,0,200,4,109,268,662,691,381,979,0,353,204,0,675,204,23,217,0,614,216,294,0,MKTG6120008,2025,Fall,MKTG,MKTG6120,Dynamic Marketing Strategy,REED,Q2,10 20 2025,12 03 2025,TR,10:15 AM,11:45 AM,B,0.5,75,,722,-432,290,316
1138,133,360,641,1166,795,302,216,0,0,829,299,0,407,160,99,195,842,634,763,0,1013,0,583,689,348,1106,0,0,873,532,793,128,301,1037,358,267,827,1262,336,898,1351,0,844,537,180,703,637,0,1404,977,197,0,159,1159,889,1205,1283,0,982,772,703,474,0,16,0,0,369,495,244,1245,592,382,88,230,428,1097,0,1636,431,329,847,606,760,341,0,591,1830,1127,1051,0,987,616,292,0,387,473,0,941,879,MKTG7110001,2025,Fall,MKTG,MKTG7110,Consumer Behavior,WILSON,Full,08 25 2025,12 03 2025,MW,1:45 PM,3:15 PM,D,1,78,,1083,-638,445,558
0,235,14,270,0,124,0,174,0,209,34,0,0,0,0,0,0,5,108,0,0,28,0,0,51,0,0,309,69,41,0,0,0,104,103,0,0,187,0,201,126,0,175,52,0,0,0,0,0,0,22,81,24,76,114,44,64,0,45,41,93,57,0,343,0,0,0,105,165,0,85,0,32,0,18,0,24,0,257,0,179,0,0,0,238,209,0,97,0,0,0,29,249,0,0,56,0,99,0,0,MKTG7250001,2025,Fall,MKTG,MKTG7250,Principles of Retailing,ESHELMAN,Q1,08 25 2025,10 06 2025,W,3:30 PM,5:00 PM,E,0.5,75,,15,-8,7,129
0,0,86,214,131,241,0,0,26,0,0,0,0,0,0,17,0,0,0,14,0,0,0,13,0,214,0,68,6,0,0,0,172,32,0,135,0,42,0,87,237,191,51,0,0,0,22,3,28,0,43,48,0,38,0,75,0,83,0,91,28,0,4,0,0,0,113,0,0,170,28,89,0,0,184,0,113,141,0,163,0,46,189,0,124,0,252,0,0,41,0,0,0,0,0,67,98,0,97,0,MKTG7340402,2025,Fall,MKTG,MKTG7340,Idea Generation and the Systematic Approach for Creativity,NAVE,Q2,10 20 2025,12 03 2025,MW,10:15 AM,11:45 AM,B,0.5,35,,29,-38,0,124
0,48,363,151,249,219,197,65,25,241,36,76,234,192,167,210,0,118,10,194,393,137,215,304,195,165,276,269,82,98,239,245,191,0,146,155,308,195,0,79,130,254,100,157,215,107,110,234,155,195,98,0,18,33,129,0,361,340,413,240,134,281,208,61,190,0,61,205,12,70,12,79,165,267,231,235,42,0,201,389,43,64,125,111,63,0,86,294,16,116,204,188,34,44,39,119,171,257,175,185,MKTG7340404,2025,Fall,MKTG,MKTG7340,Idea Generation and the Systematic Approach for Creativity,NAVE,Q2,10 20 2025,12 03 2025,MW,1:45 PM,3:15 PM,D,0.5,35,,182,-38,143,124
188,97,308,319,229,209,0,0,0,228,280,151,279,191,62,98,146,55,26,346,181,322,43,205,286,61,292,111,234,95,218,282,118,332,94,79,30,30,181,165,0,118,60,143,135,245,257,280,203,98,300,99,246,134,151,203,144,0,383,225,287,262,89,194,235,278,421,258,95,224,143,132,180,283,18,212,0,41,158,0,396,227,333,64,58,253,150,310,253,259,125,156,228,255,215,161,322,111,165,0,MKTG7340406,2025,Fall,MKTG,MKTG7340,Idea Generation and the Systematic Approach for Creativity,NAVE,Q2,10 20 2025,12 03 2025,MW,3:30 PM,5:00 PM,E,0.5,35,,138,20,158,123
11,88,15,36,58,143,75,21,0,0,0,69,0,78,11,118,132,0,0,0,33,0,13,0,69,186,37,121,42,96,125,93,20,32,0,167,150,0,70,0,0,115,6,35,141,2,73,93,199,0,0,50,0,159,13,0,0,215,0,0,184,7,137,8,42,63,0,0,31,52,0,92,97,0,71,0,89,2,0,0,252,156,0,89,171,0,127,0,0,0,2,135,58,71,63,48,119,93,0,0,MKTG7370001,2025,Fall,MKTG,MKTG7370,Applied Neuroscience for Business Decisions,PLATT,Q1,08 25 2025,10 06 2025,TR,3:30 PM,5:00 PM,E,0.5,76,,8,16,24,91
0,0,0,13,56,11,0,41,49,39,0,0,93,0,17,26,61,51,27,173,0,16,0,18,0,65,0,0,0,0,11,0,0,0,0,19,20,26,3,104,0,0,0,37,1,25,0,0,0,13,0,0,0,0,61,31,81,0,55,0,37,0,70,71,6,53,0,0,0,0,7,0,45,0,31,103,0,86,0,104,0,82,47,25,0,0,0,9,18,0,46,0,0,0,0,19,2,0,0,75,MKTG7380406,2025,Fall,MKTG,MKTG7380,Consumer Neuroscience,NAVE,Q2,10 20 2025,12 03 2025,TR,1:45 PM,3:15 PM,D,0.5,38,,0,-10,0,59
94,191,249,246,296,265,155,357,324,239,216,256,328,335,335,301,210,305,303,213,253,208,233,237,270,247,257,328,286,399,271,60,176,338,238,317,236,318,199,333,268,196,144,202,203,256,234,222,278,223,173,233,300,262,215,238,200,258,115,294,253,323,266,248,291,145,133,106,263,355,281,281,195,234,208,219,249,312,138,252,304,242,263,290,203,332,210,306,143,198,287,284,205,333,340,338,77,296,214,91,MKTG7380408,2025,Fall,MKTG,MKTG7380,Consumer Neuroscience,NAVE,Q2,10 20 2025,12 03 2025,TR,3:30 PM,5:00 PM,E,0.5,38,,225,22,247,61
30,142,0,0,0,0,0,4,29,0,0,0,0,212,0,41,34,47,0,34,62,31,130,119,85,0,0,0,169,0,61,0,41,4,53,0,90,29,0,0,93,159,0,72,0,61,38,0,2,162,34,0,64,105,62,0,0,0,0,0,54,10,32,0,0,0,0,67,10,0,16,10,156,47,0,118,0,0,0,0,0,132,25,0,59,3,127,179,0,8,0,7,0,102,0,0,60,172,0,19,MKTG7710401,2025,Fall,MKTG,MKTG7710,Models for Marketing Strategy,VAN DEN BULTE,Full,08 25 2025,12 03 2025,TR,10:15 AM,11:45 AM,B,1,32,,0,-39,0,83
3419,3937,3179,3414,3665,3487,3634,3611,3446,3365,3239,3517,3546,3647,3647,3298,3756,3485,3924,4110,3719,3801,3786,3743,3257,3669,3532,3793,3722,3367,3303,3353,3766,3186,3648,3915,3452,3928,3640,3632,3601,3517,3406,3832,3643,3576,3492,3454,3549,3231,3675,3281,3523,3961,3341,3703,3590,3532,3818,3636,3853,3888,3208,3732,3395,3168,3719,3537,3223,3612,3498,3167,3069,3667,3469,3343,3546,3813,3521,3379,3450,3696,3912,3694,4036,3465,3855,3597,3740,3383,3490,3570,3719,3349,3337,3617,2888,3746,3564,3054,OIDD5150401,2025,Fall,OIDD,OIDD5150,Product Design,MARCOVITZ/ULRICH,Full,08 25 2025,12 03 2025,M,12:00 PM,1:30 PM,C,1,6,,3560,3,3563,248
3449,3437,3630,3533,3499,3954,3602,3627,3180,3766,3906,3918,3559,3933,3299,3551,3608,3271,3430,3248,3160,3470,3514,3705,3953,3118,3631,3419,3499,3688,3319,3579,3424,3397,3138,3645,4100,3612,3521,3277,3519,3036,3824,3531,3247,3807,3379,3932,3387,3478,3243,4046,3472,3732,3694,3196,2939,3262,3409,3582,3405,3597,3383,3358,3462,3005,3448,3421,3763,3253,3682,3108,3327,3737,3743,3682,3512,3540,2783,3562,3827,3794,3605,3632,3463,3271,3845,3878,3358,3862,3913,3364,3568,3300,3313,4065,3287,3506,3747,3781,OIDD5150402,2025,Fall,OIDD,OIDD5150,Product Design,MARCOVITZ/ULRICH,Full,08 25 2025,12 03 2025,W,12:00 PM,1:30 PM,C,1,6,,3476,3,3479,248
3468,3878,3748,3928,3765,3931,3295,3512,3428,3575,3574,3929,4050,3505,3021,3382,3962,3643,3706,3514,3772,3708,3847,3250,3825,3171,3842,3357,3524,3843,4100,3722,3761,3654,3594,3790,3764,4180,3933,3300,3426,3705,3581,3931,4013,3568,3789,4025,3152,4202,3673,3863,3528,3921,3800,4090,3710,3663,3353,3701,3966,3682,3225,3706,3492,3975,3709,3441,3822,3872,3891,3111,3663,3438,3604,4202,3613,3939,3966,3945,3864,3231,4243,4140,3448,3883,3849,4040,3742,3733,3681,3677,3615,4104,3570,3689,4055,3435,3736,3494,OIDD5150403,2025,Fall,OIDD,OIDD5150,Product Design,MARCOVITZ/ULRICH,Full,08 25 2025,12 03 2025,R,12:00 PM,3:00 PM,C,1,6,,3654,3,3657,248
0,0,0,0,68,0,0,43,0,0,35,0,117,0,0,233,0,0,89,175,212,0,0,0,0,0,140,41,60,163,16,118,0,127,17,81,0,95,5,17,95,1,0,0,39,101,165,0,94,7,0,37,0,97,92,0,31,17,0,31,0,50,0,0,0,51,81,112,0,105,99,101,77,42,0,137,36,0,33,25,161,228,0,33,0,136,122,0,0,0,0,0,0,128,146,61,0,0,0,0,OIDD5250001,2025,Fall,OIDD,OIDD5250,Thinking with Models: Business Analytics for Energy and Sustainability,KIMBROUGH,Full,08 25 2025,12 03 2025,TR,3:30 PM,6:30 PM,E,1,15,,0,-71,0,116
0,6,0,99,86,21,0,30,0,14,0,20,0,0,0,29,0,0,79,0,17,0,68,0,0,0,0,0,0,0,0,128,0,0,0,0,0,12,0,0,0,7,0,0,18,93,0,0,0,0,0,184,91,0,0,0,0,98,88,20,0,0,0,0,86,64,270,62,84,0,0,0,13,0,23,0,160,0,149,80,0,88,0,59,31,3,0,29,15,36,0,125,54,86,26,46,140,0,0,0,OIDD6110001,2025,Fall,OIDD,OIDD6110,Quality and Productivity,TERWIESCH,Q1,08 25 2025,10 06 2025,TR,8:30 AM,11:30 AM,A,0.5,78,,0,6,6,82
0,12,28,19,0,174,52,0,31,0,0,0,0,52,0,108,0,35,0,70,87,49,109,0,0,62,91,0,51,0,13,81,0,0,0,0,126,3,0,0,16,0,0,0,0,0,20,0,14,36,59,0,103,0,71,34,0,44,18,3,93,0,0,0,106,0,0,0,0,65,95,0,9,0,0,58,0,0,27,0,0,26,0,0,0,112,0,124,89,0,16,0,92,0,12,0,61,0,78,59,OIDD6110003,2025,Fall,OIDD,OIDD6110,Quality and Productivity,TERWIESCH,Q1,08 25 2025,10 06 2025,TR,10:15 AM,11:45 AM,B,0.5,78,,0,-25,0,79
191,220,182,111,25,369,235,301,256,139,396,220,244,173,437,347,0,223,396,495,163,286,401,187,334,4,93,310,134,55,361,139,322,456,414,242,201,260,242,99,312,195,434,285,450,53,136,121,298,208,443,325,16,240,306,117,145,54,385,200,276,274,152,72,98,368,221,255,344,302,0,272,166,185,319,357,257,287,272,421,281,230,247,89,268,421,397,209,228,431,234,161,345,242,236,331,123,247,533,397,OIDD6110005,2025,Fall,OIDD,OIDD6110,Quality and Productivity,MARINESI,Q2,10 20 2025,12 03 2025,TR,8:30 AM,10:00 AM,A,0.5,78,,261,-4,257,116
135,217,63,0,0,232,33,81,0,0,260,0,212,109,220,129,197,72,234,268,163,110,10,135,151,115,103,0,26,59,216,181,0,0,14,0,0,105,0,0,0,29,12,37,177,8,17,139,0,107,253,0,0,46,90,0,167,0,196,126,22,102,282,0,107,0,23,43,200,0,129,18,92,0,231,1,17,0,0,0,96,70,100,22,48,230,145,89,120,0,20,116,76,149,0,76,0,0,135,70,OIDD6110007,2025,Fall,OIDD,OIDD6110,Quality and Productivity,MARINESI,Q2,10 20 2025,12 03 2025,TR,10:15 AM,11:45 AM,B,0.5,78,,97,-31,66,108
287,316,250,318,467,465,477,399,496,609,256,418,418,251,285,304,539,431,264,547,278,487,348,527,240,631,405,521,296,447,310,319,538,606,328,302,487,463,415,409,358,306,530,588,238,452,455,332,605,636,629,452,645,416,373,462,297,599,326,504,440,484,390,570,498,623,516,459,483,443,447,535,485,489,330,413,476,410,334,448,400,366,187,276,285,505,218,418,450,375,584,529,500,313,586,496,484,510,522,520,OIDD6110009,2025,Fall,OIDD,OIDD6110,Quality and Productivity,MARINESI,Q2,10 20 2025,12 03 2025,TR,1:45 PM,3:15 PM,D,0.5,78,,476,-44,432,125
136,365,0,397,81,29,122,0,244,32,0,226,0,0,299,446,669,137,0,420,274,221,134,649,0,662,107,220,168,0,224,0,203,0,83,218,337,111,0,0,0,152,265,669,0,0,93,0,534,0,274,17,517,297,0,0,0,76,196,200,572,352,245,190,242,0,143,259,0,0,0,126,276,256,0,447,209,656,417,268,379,358,0,0,805,306,0,110,0,475,215,0,4,381,0,289,220,184,287,0,OIDD6140001,2025,Fall,OIDD,OIDD6140,Innovation,NETESSINE,Q1,08 25 2025,10 06 2025,TR,8:30 AM,10:00 AM,A,0.5,78,,186,-38,148,254
752,874,890,1346,926,974,892,745,1285,879,1637,523,1209,799,1373,1012,617,1424,707,1238,621,792,1054,736,917,530,887,810,1005,837,678,705,1090,963,1107,614,591,1085,972,1280,1426,863,854,1032,1052,1614,730,1083,732,682,712,705,185,928,821,911,1165,1300,305,655,999,681,841,525,1192,847,840,557,692,777,1022,702,608,805,1394,867,651,178,934,945,950,1144,1160,764,823,820,1000,1117,684,620,580,986,1054,1019,388,917,813,1000,344,1136,OIDD6140003,2025,Fall,OIDD,OIDD6140,Innovation,NETESSINE,Q1,08 25 2025,10 06 2025,TR,10:15 AM,11:45 AM,B,0.5,78,,829,83,912,256
1146,1614,1369,795,1293,1182,1418,1154,1570,1153,924,1326,1689,1072,1740,1432,1154,977,971,1248,1315,1180,1156,1727,1653,1386,1243,1385,1417,1082,1075,1124,1002,1351,1044,1543,1491,842,1594,1107,1514,1248,1881,1354,786,1382,1442,1124,1498,1818,1241,780,1207,1380,1151,831,662,1230,873,1522,1265,1207,1477,1437,1343,1485,1669,1663,949,1276,1249,1539,850,1540,1294,1110,983,685,1493,1745,1069,1238,860,1029,946,1306,793,1104,1063,656,1125,1389,1267,864,1326,1348,1330,1699,1842,1034,OIDD6140005,2025,Fall,OIDD,OIDD6140,Innovation,NETESSINE,Q1,08 25 2025,10 06 2025,TR,1:45 PM,3:15 PM,D,0.5,78,,1293,-71,1223,273
1050,1133,1225,532,1301,817,1485,851,1054,671,810,1075,1007,781,931,1045,1347,1077,549,1614,893,972,1389,826,1273,889,847,999,733,668,1113,1190,714,507,943,1069,814,914,1119,1030,676,830,860,1481,1165,1160,1037,1023,1252,899,967,891,1155,628,1112,1087,830,991,1097,1204,1066,261,923,1366,1151,1109,989,1289,870,782,502,602,763,1099,823,937,1342,776,374,882,1124,757,1078,457,1490,838,916,1449,1102,785,879,574,1031,1179,929,1125,1068,255,872,1159,OIDD6140007,2025,Fall,OIDD,OIDD6140,Innovation,NETESSINE,Q1,08 25 2025,10 06 2025,TR,3:30 PM,5:00 PM,E,0.5,78,,1059,-96,963,254
0,5,115,326,14,0,0,206,414,318,0,109,171,94,0,0,201,0,0,383,98,0,0,276,2,33,275,0,0,138,0,198,365,124,170,75,117,241,6,61,0,0,25,119,272,216,35,0,0,27,292,0,0,10,19,382,0,209,0,0,222,0,22,0,139,0,135,0,267,0,0,0,0,74,28,148,0,101,0,0,0,260,159,148,0,0,0,0,337,73,192,105,0,0,0,0,52,147,0,0,OIDD6150001,2025,Fall,OIDD,OIDD6150,Operations Strategy,CACHON,Q1,08 25 2025,10 06 2025,MW,8:30 AM,10:00 AM,A,0.5,78,,146,-112,33,159
762,573,808,772,779,703,734,718,634,514,734,611,875,747,609,768,673,724,624,576,895,777,729,478,646,638,521,970,737,428,654,622,666,561,719,646,730,583,520,742,740,565,705,714,776,788,669,698,581,631,571,747,623,750,561,836,670,773,782,784,657,473,598,686,524,607,537,708,688,573,556,873,656,495,571,842,973,627,779,932,930,748,809,727,605,821,708,1057,512,561,559,844,848,885,648,760,662,708,746,776,OIDD6150003,2025,Fall,OIDD,OIDD6150,Operations Strategy,CACHON,Q1,08 25 2025,10 06 2025,MW,10:15 AM,11:45 AM,B,0.5,78,,675,24,699,117
201,105,174,345,266,293,337,145,260,0,161,125,115,0,283,291,223,0,116,180,196,319,197,428,360,281,459,355,270,259,244,0,104,258,336,52,11,327,171,83,0,221,81,224,0,137,380,145,71,188,117,38,287,255,256,510,214,0,353,54,0,296,0,0,138,0,0,338,353,278,175,124,453,44,8,146,50,0,300,254,265,590,11,403,561,256,12,166,356,210,0,98,315,79,146,276,306,146,84,283,OIDD6540002,2025,Fall,OIDD,OIDD6540,Product Management,ULRICH,Q2,10 20 2025,12 03 2025,MW,10:15 AM,11:45 AM,B,0.5,78,,303,-105,198,182
844,724,815,840,710,886,634,871,760,1067,1219,814,480,1029,756,1211,768,934,642,942,892,925,746,806,1146,843,814,701,1066,631,777,864,814,1189,644,807,1049,981,579,904,1310,836,1011,1002,986,944,913,708,1177,1017,690,412,807,1106,818,762,889,1108,756,1032,871,816,758,873,823,815,934,614,820,902,715,1082,1123,756,824,1032,763,855,906,1144,956,834,948,692,652,1094,581,618,616,785,874,980,743,793,791,740,1132,560,800,793,OIDD6540004,2025,Fall,OIDD,OIDD6540,Product Management,ULRICH,Q2,10 20 2025,12 03 2025,MW,1:45 PM,3:15 PM,D,0.5,78,,961,-105,856,182
12,0,40,0,0,0,69,80,72,65,0,23,0,6,0,0,62,55,0,25,0,39,48,74,83,0,0,0,0,57,45,118,0,0,62,0,55,46,25,118,41,0,14,0,0,5,35,0,0,44,42,0,0,16,0,39,0,39,55,42,34,4,23,0,51,119,0,0,27,52,43,55,62,84,0,58,0,0,54,22,10,49,4,27,7,0,0,5,131,54,0,39,0,37,3,41,0,48,77,4,OIDD6590001,2025,Fall,OIDD,OIDD6590,Advanced Topics: Supply Chain Analytics,WILLEMS,Q2,10 20 2025,12 03 2025,TR,3:30 PM,5:00 PM,E,0.5,50,,45,-33,12,46
0,140,406,0,1069,105,0,1147,0,0,0,1,1249,1137,0,350,0,2503,946,106,198,0,979,0,2327,2002,546,1368,1046,1325,2250,1838,2326,1029,811,0,0,1406,1154,695,1154,2203,0,579,826,0,292,144,1428,1222,2673,745,252,684,657,1585,0,1663,570,1139,0,808,283,0,427,577,216,894,1660,834,460,2370,0,2860,1310,483,0,1585,411,0,0,235,56,627,1783,0,77,0,1340,1449,1329,385,918,0,1593,1278,916,0,2439,1429,OIDD6620001,2025,Fall,OIDD,OIDD6620,Enabling Technologies,WU,Q1,08 25 2025,10 06 2025,TR,8:30 AM,10:00 AM,A,0.5,60,,0,611,611,885
841,708,349,179,926,423,747,807,1162,1478,262,841,798,1154,640,366,348,297,1016,420,160,596,777,559,590,1175,768,625,639,1284,1161,230,892,0,810,614,589,767,1256,641,739,1637,1466,557,982,531,1282,176,562,335,458,814,857,938,504,692,700,423,650,1537,1360,1233,833,1644,757,529,723,774,869,0,897,807,1029,877,647,448,821,1148,599,815,845,716,754,793,730,778,574,140,376,1457,753,851,1098,521,624,866,953,1025,1588,603,OIDD6620002,2025,Fall,OIDD,OIDD6620,Enabling Technologies,HOSANAGAR,Q2,10 20 2025,12 03 2025,TR,8:30 AM,10:00 AM,A,0.5,78,,709,4,713,355
1541,222,701,0,1927,815,202,1791,589,1955,68,80,0,220,0,743,250,1401,776,2068,2000,378,1080,787,16,0,0,672,520,261,800,2252,332,774,659,0,1894,595,851,895,0,995,2047,36,458,2146,0,0,1805,612,401,396,2228,1532,2061,373,0,1768,1478,0,1504,1831,868,1563,1353,0,649,1287,0,1509,1828,155,114,2415,2493,614,0,1560,80,0,0,1361,78,1609,1788,268,1228,1043,0,1026,2071,974,409,622,25,909,0,3,95,1875,OIDD6620003,2025,Fall,OIDD,OIDD6620,Enabling Technologies,WU,Q1,08 25 2025,10 06 2025,TR,10:15 AM,11:45 AM,B,0.5,60,,186,611,797,885
1406,1325,1087,1135,1060,780,1962,906,1805,1206,1070,1154,943,833,951,818,1226,1476,1522,1234,1756,1059,1144,1061,805,1231,825,664,1268,954,1957,1089,1019,1051,1514,1330,1155,1146,1109,1108,872,1276,574,284,609,1531,1304,1173,731,1227,1698,705,1032,822,1230,897,1936,1117,1086,822,525,1816,1247,873,581,1001,986,164,1340,951,1195,1045,1117,1157,1345,763,835,562,616,929,1598,1116,644,1379,1338,1585,983,1732,1095,482,811,1559,1087,1127,1059,1390,1097,1383,355,391,OIDD6620004,2025,Fall,OIDD,OIDD6620,Enabling Technologies,HOSANAGAR,Q2,10 20 2025,12 03 2025,TR,10:15 AM,11:45 AM,B,0.5,78,,1039,27,1066,356
1954,1593,1530,1440,1149,771,1208,1375,1536,1809,1738,1592,1706,1660,1892,1998,1929,1377,1582,1816,1903,1205,1009,1612,1282,1722,1601,1805,1707,1382,1590,1392,1454,1915,1852,1066,2011,1376,2321,1652,1492,1386,1920,1909,1620,2089,1413,1588,1295,1454,1354,992,1106,1475,1324,1903,2334,1601,1844,1674,2265,1850,2145,1305,1912,2013,1804,1873,1327,1680,1673,1883,1733,2141,1177,1398,1249,1720,2002,1871,1647,1911,1208,1727,1566,1635,1949,1322,1550,1365,1704,1267,1207,1118,1882,1576,1136,2096,1479,966,OIDD6620006,2025,Fall,OIDD,OIDD6620,Enabling Technologies,HOSANAGAR,Q2,10 20 2025,12 03 2025,TR,1:45 PM,3:15 PM,D,0.5,78,,1568,70,1638,355
2417,2546,2692,2663,2370,2405,2785,2688,2850,2425,2899,2590,2470,2512,2349,2790,2554,2360,2422,2741,2533,2319,2525,2587,2303,2128,2466,2443,2342,2425,2258,2534,2388,2658,2376,2604,2949,2471,2712,2567,2760,2656,2241,2541,2547,2503,2472,2625,2294,2596,2716,2668,2476,2529,2474,2717,2953,2138,2440,2689,2610,2823,2485,2625,2460,2631,2408,2791,2584,2437,2490,2368,2491,2562,2788,2445,2175,2868,3053,2719,2873,2464,2404,2441,2276,2238,2865,2778,2319,2562,2622,2191,2632,2423,2280,2594,2481,2365,2626,2727,OIDD6900401,2025,Fall,OIDD,OIDD6900,Managerial Decision Making,SIMMONS,Full,08 25 2025,12 03 2025,TR,10:15 AM,11:45 AM,B,1,78,,2528,-2,2526,215
2891,2970,2638,2860,2826,2276,3112,3118,2841,2680,2660,2753,2564,2944,3029,3148,2695,2724,2894,2959,2818,2628,2610,2685,2374,2453,3260,2783,2594,2819,2486,2613,2520,2686,2458,3016,2478,3393,2886,2647,3020,2483,2427,2652,2652,2493,2766,2300,2974,2494,3034,3202,2937,2787,2744,2808,2646,2719,2985,2768,3049,2473,2252,2772,2801,2954,2546,3017,2565,2879,2762,2886,2920,2589,2656,2621,2887,2736,2620,2738,2635,2800,2331,2704,2949,2446,2410,2484,3160,2614,2772,3063,2512,2717,2830,2894,3095,2411,2798,2787,OIDD6900402,2025,Fall,OIDD,OIDD6900,Managerial Decision Making,SIMMONS,Full,08 25 2025,12 03 2025,TR,1:45 PM,3:15 PM,D,1,78,,2744,-2,2742,215
0,0,0,0,0,0,180,0,0,0,0,0,0,0,234,168,0,365,119,218,144,62,371,302,33,76,108,0,110,78,16,146,267,0,0,0,0,131,217,0,0,0,0,2,0,72,222,179,130,391,0,0,224,281,0,0,446,123,47,0,154,96,32,289,434,22,151,115,0,0,115,0,0,0,0,240,231,0,99,72,0,0,338,0,0,178,117,0,74,90,442,77,78,87,0,99,60,206,0,25,OIDD6910401,2025,Fall,OIDD,OIDD6910,Negotiations,ZAK,Full,08 25 2025,12 03 2025,MW,10:15 AM,11:45 AM,B,1,48,,0,25,25,200
3444,3551,2913,3555,3083,3393,3596,3578,3519,2798,3248,3140,3466,3139,2990,3047,3146,3046,3541,4007,3063,3375,3346,2977,3078,3461,3347,3235,3132,2869,3355,2879,3509,3111,2942,2764,3460,3036,3055,3198,2960,3168,3296,3178,3149,3709,3049,2990,3055,3314,3018,3380,2904,3225,3001,3058,2773,3059,2934,3087,3085,3478,3473,3555,3124,3027,2658,3399,2844,3054,3058,3592,3421,2847,2897,3343,3314,3413,3193,3227,3166,2862,3032,3627,3446,2844,3072,3498,3160,3482,3100,3090,3922,3801,3304,2919,3391,3246,3288,2926,OIDD6910402,2025,Fall,OIDD,OIDD6910,Negotiations,COONEY,Full,08 25 2025,12 03 2025,MW,10:15 AM,11:45 AM,B,1,48,,3020,175,3194,284
3239,3835,3522,3237,3094,3556,2992,3545,3524,3454,3232,3719,3380,3078,3457,3463,3582,3622,3282,3933,3474,3345,2934,3093,3748,3124,3644,3600,3187,3224,3644,3549,3388,3321,3387,3267,3087,3039,3378,3899,3493,3712,3832,3180,3228,3826,3934,3186,3643,3777,3436,3801,3457,3622,3559,4121,3876,3390,3104,2979,2982,3481,3558,3699,4039,3003,3885,3508,3643,3552,3780,3301,3811,3372,3241,2891,3295,3391,4280,3404,3645,3531,3540,3259,2938,3695,3435,3125,3223,4007,2936,3566,3276,3135,3133,3309,2866,3146,3996,3168,OIDD6910403,2025,Fall,OIDD,OIDD6910,Negotiations,COONEY,Full,08 25 2025,12 03 2025,MW,12:00 PM,1:30 PM,C,1,48,,3255,175,3430,284
3700,4198,4000,3737,3444,3601,3691,3748,3483,4019,3783,3645,3860,3785,3491,3557,3858,3297,3813,3630,3996,4610,3658,3688,3584,4023,3337,3914,3523,3394,4085,3837,3427,3369,3627,4063,4002,3737,3442,3355,3725,3574,3955,4096,3494,3994,3296,3966,3721,4237,3395,3606,3989,3848,3816,3666,3670,3869,3469,3741,3275,3691,3735,3436,3884,3456,4288,3782,3351,3561,3513,3704,3858,3433,3489,3494,3707,3149,3878,3927,3616,4185,3555,3349,3368,3661,3640,4063,3748,3802,3683,3796,3805,3541,3687,3406,3894,4123,3672,3731,OIDD6910404,2025,Fall,OIDD,OIDD6910,Negotiations,COONEY,Full,08 25 2025,12 03 2025,MW,1:45 PM,3:15 PM,D,1,48,,3559,175,3734,284
3603,3082,3633,3339,3160,3425,3614,3723,3207,3861,3810,3632,3565,3114,3523,3183,3963,3147,3752,3102,3635,3300,3473,3019,3110,3376,3373,3262,3314,3200,3386,3527,3374,2868,3578,3722,3477,3715,3190,3360,3703,3839,3902,3369,3794,3493,3527,3774,3785,3616,3461,3204,2991,3503,3385,3789,3068,3114,2878,3656,3370,3413,3961,3038,4073,3342,3670,3859,2990,3074,4018,3278,3555,3382,3514,3189,3444,3926,3146,3599,3071,3226,3660,3589,3683,3368,3652,3516,3395,3325,3439,3303,3932,3926,3305,3307,3367,3882,3822,3340,OIDD6910405,2025,Fall,OIDD,OIDD6910,Negotiations,COONEY,Full,08 25 2025,12 03 2025,MW,3:30 PM,5:00 PM,E,1,48,,3299,175,3474,284
492,223,0,463,162,192,0,578,0,1114,241,283,286,119,540,224,652,342,178,433,208,179,0,959,452,90,379,362,0,290,572,0,909,507,209,0,243,296,569,137,460,101,786,878,0,0,544,903,4,672,435,195,288,0,0,986,0,175,151,289,453,0,103,0,510,64,553,437,87,270,551,219,166,1058,0,179,401,263,0,0,159,161,416,489,382,698,92,33,498,226,320,0,55,483,0,0,0,78,242,838,OIDD6920402,2025,Fall,OIDD,OIDD6920,Advanced Topics Negotiation,SCHWEITZER,Q2,10 20 2025,12 03 2025,W,3:30 PM,5:00 PM,E,0.5,48,,297,8,305,373
1216,1347,1257,1477,1422,1476,1333,1371,1232,1265,1373,1357,1408,1404,1356,1368,1394,1325,1415,1359,1437,1361,1552,1323,1373,1473,1482,1293,1314,1436,1440,1342,1413,1455,1303,1419,1376,1437,1393,1505,1317,1580,1244,1252,1377,1342,1275,1320,1404,1456,1502,1256,1346,1419,1342,1322,1383,1381,1413,1399,1383,1390,1390,1328,1272,1574,1415,1386,1464,1359,1329,1258,1236,1336,1375,1365,1353,1495,1470,1473,1281,1249,1197,1440,1361,1437,1513,1487,1422,1442,1531,1425,1431,1530,1373,1505,1277,1361,1359,1348,OIDD6930402,2025,Fall,OIDD,OIDD6930,Influence,MASSEY,Q2,10 20 2025,12 03 2025,MW,8:30 AM,10:00 AM,A,0.5,78,,1406,-21,1385,83
1862,1823,1817,1856,1889,1927,1862,1827,2006,1892,1777,1946,1877,1849,1959,2118,1855,1974,1870,1908,1915,1808,1985,1843,1869,1978,1891,1903,1902,1840,1890,1858,2104,1907,1919,1920,1963,1977,1871,1795,2005,1836,1697,2074,2028,1978,1805,2034,1979,1971,1938,1972,2117,2010,1775,1941,1795,1918,1886,1994,2015,1849,1867,1945,1867,2116,1935,1963,1879,1794,1859,1899,1864,1904,1919,1725,1892,1924,2106,1793,1955,1833,1871,1872,1911,1998,1977,1846,1856,1829,1941,2091,1873,1902,1847,1864,1728,1857,1955,1992,OIDD6930404,2025,Fall,OIDD,OIDD6930,Influence,MASSEY,Q2,10 20 2025,12 03 2025,MW,10:15 AM,1:15 PM,B,0.5,78,,1945,-36,1909,85
2185,2261,2315,2093,2211,2276,2111,2270,2270,2146,2178,2212,2279,2205,2356,2270,2223,2270,2334,2280,2238,2217,2183,2162,2255,2151,2144,2398,2085,2280,2207,2389,2221,2247,2190,2196,2221,2375,2267,2304,2234,2227,2194,2264,2100,2294,2309,2288,2263,2266,2258,2259,2321,2316,2127,2308,2341,2251,2383,2379,2216,2284,2296,2221,2274,2172,2311,2270,2120,2190,2330,2239,2302,2248,2285,2274,2300,2302,2261,2306,2278,2247,2185,2154,2214,2153,2354,2335,2286,2076,2014,2350,2244,2223,2216,2252,2160,2278,2453,2506,OIDD6930406,2025,Fall,OIDD,OIDD6930,Influence,MASSEY,Q2,10 20 2025,12 03 2025,MW,1:45 PM,4:45 PM,D,0.5,78,,2286,-36,2249,85
0,8,31,19,2,0,0,0,0,0,4,0,0,7,21,0,23,0,5,0,38,10,12,26,15,0,0,0,0,7,0,17,16,0,27,0,24,14,3,0,3,0,18,33,10,0,0,0,0,0,0,15,0,0,6,2,0,0,0,0,0,0,0,0,0,17,40,0,0,0,36,0,0,47,0,7,0,0,0,0,3,26,0,0,0,10,0,0,0,0,0,48,10,0,19,41,0,40,0,12,OIDD6970002,2025,Fall,OIDD,OIDD6970,Retail Supply Chain Management,GALLINO,Q2,10 20 2025,12 03 2025,TR,8:30 AM,11:30 AM,A,0.5,60,,0,-21,0,19
0,7,17,0,0,5,2,0,35,4,0,0,0,0,0,7,28,35,41,0,0,17,18,0,27,1,13,27,28,0,14,0,5,0,0,12,13,15,12,20,7,2,0,8,14,8,0,0,0,0,0,4,0,0,0,8,0,22,0,0,2,13,5,10,0,18,2,19,0,0,12,0,14,0,0,18,0,0,0,11,41,0,0,6,0,0,9,0,0,0,28,3,1,27,5,11,22,33,0,0,OIDD6970004,2025,Fall,OIDD,OIDD6970,Retail Supply Chain Management,GALLINO,Q2,10 20 2025,12 03 2025,TR,10:15 AM,1:15 PM,B,0.5,60,,0,-21,0,19
0,39,159,0,55,27,68,98,0,0,0,32,0,2,0,0,0,41,0,57,0,0,21,26,46,0,29,14,81,0,0,18,10,8,33,0,0,16,21,37,86,0,24,0,0,0,16,0,12,50,2,0,38,12,0,0,0,0,0,0,0,0,8,0,42,11,85,0,45,0,0,0,0,0,0,16,13,13,0,0,48,21,20,0,0,38,0,67,0,0,0,61,0,109,0,0,10,0,0,25,REAL7050401,2025,Fall,REAL,REAL7050,"Global Real Estate: Risk, Politics and Culture",WONG,Full,08 25 2025,12 03 2025,TR,10:15 AM,1:15 PM,B,1,20,,8,-20,0,52
855,0,131,0,268,479,1433,0,201,0,855,1117,74,0,403,801,835,745,942,1216,752,1660,326,0,326,662,444,1417,230,0,0,412,1230,582,1067,220,13,325,331,1287,800,856,707,797,360,389,273,401,901,334,0,107,89,985,1047,1008,267,772,38,1051,444,269,0,497,343,171,1434,92,310,998,0,0,549,1076,1825,977,0,151,70,659,1023,66,766,195,0,3,560,258,634,115,0,101,230,220,717,497,0,731,555,516,REAL7210401,2025,Fall,REAL,REAL7210,Real Estate Investment: Analysis and Financing,CALDER-WANG,Full,08 25 2025,12 03 2025,MW,10:15 AM,1:15 PM,B,1,58,,90,311,402,478
625,63,73,537,454,197,0,1006,0,217,938,943,216,0,239,941,967,634,1304,973,365,581,1653,579,698,1371,916,1063,881,0,672,325,1556,550,200,301,596,0,894,1224,426,127,0,0,1251,28,996,141,560,691,1133,0,0,336,0,762,517,146,622,569,279,0,17,437,141,354,719,720,743,0,1144,0,49,655,373,172,0,418,0,414,382,209,33,0,840,1061,1000,2024,1067,739,534,0,95,1128,1358,0,764,1360,757,748,REAL7210402,2025,Fall,REAL,REAL7210,Real Estate Investment: Analysis and Financing,CALDER-WANG,Full,08 25 2025,12 03 2025,MW,1:45 PM,4:45 PM,D,1,58,,140,311,452,478
0,92,0,394,0,191,290,0,84,5,0,560,209,145,322,10,219,111,121,0,0,278,0,111,90,24,100,178,0,0,369,0,206,0,184,0,376,0,264,0,517,0,0,0,326,376,301,346,0,371,305,0,35,0,0,61,31,64,0,224,0,351,657,124,60,22,315,31,216,258,87,0,0,129,0,0,4,206,0,416,0,355,293,342,57,363,188,0,0,111,479,0,117,109,407,0,0,355,34,233,REAL7300401,2025,Fall,REAL,REAL7300,Urban Fiscal Policy,FERREIRA,Full,08 25 2025,12 03 2025,MW,10:15 AM,1:15 PM,B,1,65,,96,-15,81,249
0,0,0,0,0,0,11,11,5,0,0,17,11,13,23,10,0,0,0,0,0,2,16,1,0,0,0,8,0,0,8,0,0,1,12,0,0,17,0,0,20,4,2,6,3,0,0,5,1,0,4,19,5,4,0,0,4,11,9,8,0,8,0,3,0,0,0,0,6,10,2,5,15,0,3,6,5,0,0,2,0,0,14,0,0,0,2,2,0,0,9,0,0,31,0,10,0,0,0,1,REAL8040401,2025,Fall,REAL,REAL8040,Real Estate Law,LEBOR,Full,08 25 2025,12 03 2025,TR,5:15 PM,8:15 PM,F,1,26,,0,-6,0,12
157,0,188,80,0,0,45,36,0,0,0,0,89,22,299,414,0,38,0,0,0,10,95,2,66,0,0,0,0,234,97,0,44,0,0,185,0,0,0,0,0,0,16,338,391,0,0,434,0,0,0,134,245,13,0,0,0,0,0,137,14,99,236,133,100,0,0,146,68,0,0,0,0,204,0,0,247,0,0,16,0,207,66,65,418,88,0,0,0,80,77,47,0,0,0,264,240,180,18,0,REAL8210401,2025,Fall,REAL,REAL8210,Real Estate Development,FELDMAN,Full,08 25 2025,12 03 2025,M,3:30 PM,6:30 PM,E,1,45,,0,-45,0,195
2945,2934,2984,2866,2945,2993,2934,2962,2977,2941,2904,2956,2962,2933,2966,2974,2967,2962,3003,2966,3006,2964,2971,2968,2953,2935,2962,2892,2975,2974,2942,2982,2981,2952,2957,2947,2947,2907,2997,2933,2963,2937,2961,2964,2925,2968,2967,2907,2999,2902,2997,2978,2964,2940,2940,2949,2941,2955,2938,2936,3020,2916,2977,2958,2933,2966,2920,2986,2946,3021,2935,2928,3019,2977,2967,2941,2953,2977,2934,2994,2923,2921,2948,3004,2966,3001,2972,2995,2929,2942,2996,2994,2955,2931,2975,2941,2939,2986,2929,2965,REAL8910401,2025,Fall,REAL,REAL8910,Real Estate Entrepreneurship,SHALAM,Q1,08 25 2025,10 06 2025,W,3:30 PM,6:30 PM,E,0.5,48,,2948,10,2957,28
19,26,0,0,0,0,30,0,0,0,0,8,5,9,0,0,21,0,3,0,22,0,2,11,7,0,0,0,10,0,0,0,0,0,22,0,16,18,2,0,0,14,0,0,0,0,2,0,0,0,17,3,0,9,0,0,0,7,10,0,21,27,0,9,0,0,0,1,12,0,16,20,36,0,0,0,0,4,25,0,11,1,0,0,4,0,13,1,0,0,8,3,11,0,0,0,9,0,0,2,STAT7050001,2025,Fall,STAT,STAT7050,Statistical Computing with R,ISHIHARA,Q1,08 25 2025,10 06 2025,MW,3:30 PM,6:30 PM,E,0.5,50,,0,0,0,17
22,8,0,8,0,0,20,0,15,7,40,29,22,8,40,16,0,0,6,0,33,10,2,0,0,0,0,11,13,0,0,0,25,0,3,0,40,0,0,0,40,0,3,0,0,15,8,0,8,0,17,7,0,13,16,40,0,0,1,0,43,3,0,9,22,4,0,17,0,0,2,0,1,0,9,21,0,0,24,0,0,0,9,2,1,0,0,41,0,6,11,0,0,11,0,0,2,0,8,0,STAT7050002,2025,Fall,STAT,STAT7050,Statistical Computing with R,ISHIHARA,Q2,10 20 2025,12 03 2025,MW,3:30 PM,6:30 PM,E,0.5,50,,0,0,0,17
38,381,0,0,0,159,226,318,49,0,114,0,0,292,0,0,0,0,0,0,68,305,0,477,0,0,0,477,154,137,70,183,0,5,182,0,168,113,0,0,213,0,97,192,0,213,81,0,0,0,116,518,0,21,203,0,0,0,0,0,552,0,333,36,66,61,263,103,80,0,0,0,10,0,423,245,0,0,46,0,0,572,106,0,17,34,270,0,0,55,115,0,464,14,3,65,192,177,0,0,STAT7110401,2025,Fall,STAT,STAT7110,Forecasting for Management using Methods of Time Series Analysis,STINE,Full,08 25 2025,12 03 2025,MW,10:15 AM,1:15 PM,B,1,29,,0,-41,0,212
249,363,223,588,242,377,330,2,308,375,0,174,0,165,693,129,867,256,553,142,135,203,266,344,237,220,0,314,318,110,127,0,159,376,824,638,409,511,366,449,512,342,449,4,0,322,345,196,454,0,110,251,75,350,579,0,398,458,149,427,371,316,456,63,0,309,355,0,6,59,115,573,0,447,287,271,539,279,383,0,508,168,511,471,458,111,157,268,233,130,198,343,229,151,538,397,111,38,254,397,STAT7220001,2025,Fall,STAT,STAT7220,Predictive Analytics for Business,WANG,Q1,08 25 2025,10 06 2025,MW,1:45 PM,4:45 PM,D,0.5,50,,276,1,276,219
86,0,35,0,0,0,282,29,0,0,97,0,0,244,0,90,156,251,0,0,0,0,0,313,0,318,42,59,0,0,0,0,2,222,126,131,389,0,0,0,0,237,142,0,25,0,13,529,0,0,0,553,88,0,0,141,99,0,189,47,106,147,0,0,246,244,612,279,0,98,188,0,127,51,605,0,60,0,121,547,0,0,0,0,0,0,0,0,0,0,282,0,0,0,280,121,370,0,0,155,STAT7230001,2025,Fall,STAT,STAT7230,Applied Machine Learning in Business,PADMANABHAN,Full,08 25 2025,12 03 2025,TR,5:15 PM,8:15 PM,F,1,78,,0,-15,0,249
16,0,0,131,0,127,0,56,15,20,26,62,0,11,0,0,50,0,44,81,0,0,0,0,0,9,0,0,53,136,6,0,0,0,0,81,0,12,4,15,97,97,98,52,0,0,0,111,0,0,0,141,0,22,68,0,29,40,126,0,0,0,92,73,128,96,0,80,49,0,61,0,39,9,37,0,28,39,78,0,201,141,0,0,0,44,104,5,74,0,11,0,0,0,0,8,0,2,5,0,STAT7700401,2025,Fall,STAT,STAT7700,Data Analytics and Statistical Computing,REGIS,Full,08 25 2025,12 03 2025,MW,1:45 PM,4:45 PM,D,1,6,,0,-48,0,84
180,0,46,0,68,242,106,479,225,0,191,63,0,10,0,0,0,0,0,261,0,226,132,0,0,66,288,0,204,48,122,0,0,0,12,163,0,184,0,29,0,0,60,0,4,0,0,58,376,94,0,0,290,0,0,0,0,89,108,0,0,63,45,0,0,0,0,67,54,0,170,0,14,92,0,0,50,329,65,288,443,0,0,18,0,127,73,0,0,160,0,0,57,272,128,133,0,213,59,0,STAT7770401,2025,Fall,STAT,STAT7770,Introduction to Python for Data Science,WATERMAN,Q1,08 25 2025,10 06 2025,MW,8:30 AM,11:30 AM,A,0.5,84,,28,-305,0,196
0,0,19,0,0,75,44,10,0,50,0,0,436,0,167,0,0,0,7,0,127,254,21,1,0,55,0,0,0,0,0,0,0,0,217,0,0,0,0,0,3,0,0,0,174,304,0,0,0,0,0,0,0,93,0,0,34,0,6,0,13,0,0,0,0,0,121,160,0,85,0,121,142,0,0,3,311,0,0,0,0,0,0,257,92,191,0,0,157,0,0,45,92,0,0,0,89,0,0,0,STAT7770402,2025,Fall,STAT,STAT7770,Introduction to Python for Data Science,WATERMAN,Q2,10 20 2025,12 03 2025,MW,8:30 AM,10:00 AM,A,0.5,84,,213,-305,0,196
8,18,0,0,21,0,0,0,38,50,54,0,23,0,0,0,0,0,44,0,27,0,26,0,4,0,55,0,0,11,0,18,0,3,27,7,0,1,0,0,0,37,0,65,0,3,0,26,0,0,16,1,39,29,47,0,29,0,0,0,0,0,0,0,58,12,0,46,0,12,21,0,0,0,0,28,0,27,0,0,0,15,2,13,47,0,59,4,0,68,5,11,0,0,0,0,16,41,0,9,WHCP6160001,2025,Fall,WHCP,WHCP6160,Management Communication,GUIHER,Full,08 25 2025,12 03 2025,M,8:30 AM,10:00 AM,A,0.5,18,,0,0,0,34
55,103,0,0,317,34,211,0,53,58,147,298,86,255,0,32,249,0,0,0,44,0,58,137,0,164,127,53,129,60,42,0,40,0,0,99,201,174,145,0,95,0,176,7,72,0,73,0,84,127,68,23,0,75,0,51,39,0,5,0,122,185,71,114,89,0,0,0,71,21,122,0,0,187,26,155,197,251,71,0,37,0,49,0,18,0,0,9,44,54,213,23,0,125,0,0,0,131,0,26,WHCP6160002,2025,Fall,WHCP,WHCP6160,Management Communication,CLEGHORN,Full,08 25 2025,12 03 2025,M,10:15 AM,11:45 AM,B,0.5,18,,112,-68,44,93
1280,1095,1377,1187,1138,1059,1212,1193,1159,1260,1186,1229,1309,1206,1166,1126,1161,1213,1188,1159,1090,1289,1259,1218,1147,1352,1292,1181,1387,1248,1255,1436,1284,1237,1142,1160,1151,1066,1230,1235,1313,1056,1207,1297,1149,1125,1247,1064,1221,1113,1119,1127,1274,1178,1156,1119,1265,1267,1310,1249,1168,1184,1058,1255,1177,1176,1276,1048,1228,1097,998,1170,1241,1267,1156,1124,1118,1207,1170,1050,1199,1318,1250,1080,1107,1169,1463,1176,1279,1136,1162,1261,1330,1140,1178,1197,1267,1232,1164,1121,WHCP6160003,2025,Fall,WHCP,WHCP6160,Management Communication,CLEGHORN,Full,08 25 2025,12 03 2025,M,12:00 PM,1:30 PM,C,0.5,18,,1170,21,1191,88
366,356,371,348,362,292,440,379,337,350,319,416,412,295,375,235,320,361,336,305,419,382,366,423,399,404,311,340,390,305,330,356,351,421,371,325,362,377,411,316,396,419,305,334,355,377,391,398,355,331,288,387,324,315,277,365,354,358,331,311,333,334,385,386,358,339,356,348,379,337,371,370,372,335,339,385,351,358,376,346,399,363,324,337,306,377,287,364,383,361,378,429,245,366,354,334,349,463,376,446,WHCP6160004,2025,Fall,WHCP,WHCP6160,Management Communication,HAYES,Full,08 25 2025,12 03 2025,M,1:45 PM,3:15 PM,D,0.5,18,,353,10,363,40
780,691,618,603,658,532,717,346,586,558,363,649,629,649,451,657,917,484,327,560,846,399,79,548,748,583,245,424,700,869,850,612,889,607,362,497,379,789,500,640,557,665,518,637,870,715,405,414,333,119,342,437,280,890,1006,498,606,970,752,605,474,883,367,606,679,358,728,545,445,351,129,338,738,582,641,428,71,500,587,992,999,1015,766,638,794,630,749,209,514,669,497,382,473,354,781,351,560,708,494,773,WHCP6160005,2025,Fall,WHCP,WHCP6160,Management Communication,MAIA,Full,08 25 2025,12 03 2025,M,3:30 PM,6:30 PM,E,0.5,18,,571,-15,556,228
111,181,101,111,93,123,87,134,124,118,126,117,131,127,121,94,119,176,103,127,170,210,169,133,117,112,58,123,137,225,135,92,135,242,188,100,96,126,128,137,128,72,95,149,96,150,169,180,151,117,103,207,64,78,134,114,157,109,122,167,131,119,100,139,106,128,101,80,48,166,117,100,157,55,148,166,67,141,97,102,152,131,123,121,52,74,147,142,127,143,82,113,110,103,176,145,122,106,119,137,WHCP6160006,2025,Fall,WHCP,WHCP6160,Management Communication,SHELDON,Full,08 25 2025,12 03 2025,T,8:30 AM,11:30 AM,A,0.5,18,,123,0,123,34
604,683,648,677,702,659,711,669,729,696,769,705,717,752,716,699,694,652,652,689,682,604,688,668,682,687,658,749,662,614,674,691,696,720,707,721,709,690,725,669,675,652,587,685,759,695,698,645,618,663,666,676,686,729,668,739,647,740,734,693,671,719,627,692,682,743,705,692,715,675,676,777,727,715,676,700,663,775,668,722,633,699,643,637,599,735,701,702,665,720,686,636,716,730,698,660,687,647,696,659,WHCP6160007,2025,Fall,WHCP,WHCP6160,Management Communication,WATSON,Full,08 25 2025,12 03 2025,T,10:15 AM,11:45 AM,B,0.5,18,,674,13,687,38
1064,1136,1074,1095,1101,1097,1113,1015,1047,1019,1097,1032,995,1087,1024,1056,1050,1126,1081,1028,1021,1077,1085,1089,1112,1003,1124,1021,1024,978,1057,1019,1049,1074,1075,990,1067,994,1057,1048,1103,1080,1072,1060,1048,1077,997,1068,1072,1126,1060,1063,1059,1063,1106,1032,1048,1003,1048,1133,1060,1113,976,1010,1057,1078,1072,1100,1079,1087,1040,1032,1090,1129,1094,1060,1078,1114,1072,1109,1032,1053,1075,1042,1056,1049,1070,1013,968,1042,1105,1042,1090,1039,1100,1043,1039,1002,1057,1070,WHCP6160008,2025,Fall,WHCP,WHCP6160,Management Communication,MILLER,Full,08 25 2025,12 03 2025,T,12:00 PM,1:30 PM,C,0.5,18,,1081,-20,1061,36
467,522,494,430,509,514,509,466,459,443,453,382,537,443,546,465,534,477,438,398,417,437,537,408,384,459,376,471,468,481,537,454,359,572,459,387,518,498,442,431,511,410,452,501,532,410,520,510,493,442,512,477,339,364,433,430,570,567,484,551,500,496,408,374,391,455,348,501,447,366,454,542,506,496,544,502,455,484,498,444,429,433,515,511,439,411,393,383,578,475,503,526,438,440,437,556,446,467,350,407,WHCP6160009,2025,Fall,WHCP,WHCP6160,Management Communication,SENIOR,Full,08 25 2025,12 03 2025,T,1:45 PM,3:15 PM,D,0.5,18,,448,12,460,59
237,255,385,397,393,359,364,371,303,411,175,395,417,332,301,415,346,265,450,491,412,340,338,323,328,212,286,373,335,296,323,291,301,242,340,290,400,318,346,395,325,275,295,382,353,327,292,290,224,276,314,350,296,319,342,425,324,370,359,312,277,331,369,315,380,373,377,240,327,358,386,347,316,307,284,349,366,233,382,227,267,400,442,406,395,333,324,335,221,216,338,341,385,364,413,234,340,369,252,269,WHCP6160010,2025,Fall,WHCP,WHCP6160,Management Communication,SENIOR,Full,08 25 2025,12 03 2025,T,3:30 PM,5:00 PM,E,0.5,18,,397,-64,333,61
331,214,279,304,150,191,268,217,269,224,243,273,240,260,282,296,222,258,271,251,215,258,279,300,259,238,217,277,271,249,226,212,239,198,260,245,199,326,267,267,326,308,200,222,314,182,315,291,252,205,201,208,306,274,232,204,337,216,200,305,266,282,242,197,225,240,284,267,247,285,271,260,245,90,313,287,261,303,217,270,276,241,250,237,232,207,212,186,214,321,193,223,238,231,227,157,138,246,225,228,WHCP6160011,2025,Fall,WHCP,WHCP6160,Management Communication,DOLLARTON,Full,08 25 2025,12 03 2025,W,8:30 AM,10:00 AM,A,0.5,18,,243,4,247,45
0,0,53,0,0,48,22,9,0,7,0,32,11,100,31,18,0,1,57,0,0,0,12,51,0,39,0,0,23,0,57,23,0,7,0,15,33,17,15,0,0,38,0,0,0,23,9,42,7,52,51,0,16,51,7,33,42,0,29,8,87,28,83,0,48,75,0,0,0,6,0,46,0,1,0,0,24,52,0,23,0,0,14,0,0,0,22,0,114,0,0,1,2,0,29,0,0,22,0,0,WHCP6160012,2025,Fall,WHCP,WHCP6160,Management Communication,MC CANN,Full,08 25 2025,12 03 2025,W,10:15 AM,11:45 AM,B,0.5,18,,0,3,3,37
859,802,902,905,862,846,825,814,792,889,870,836,830,846,915,846,850,877,834,850,797,839,864,793,826,867,850,853,850,860,856,860,860,840,876,788,758,816,789,897,829,771,870,936,847,796,888,879,853,856,786,895,892,768,867,824,783,821,906,822,861,772,935,827,814,844,804,809,877,806,780,893,857,892,797,852,778,851,867,828,872,908,873,880,823,815,877,848,819,851,832,883,868,794,795,862,846,762,839,863,WHCP6160013,2025,Fall,WHCP,WHCP6160,Management Communication,MOURAD,Full,08 25 2025,12 03 2025,W,12:00 PM,1:30 PM,C,0.5,18,,859,-19,840,39
379,389,302,437,416,232,351,493,480,266,568,420,381,627,263,524,291,562,276,288,515,353,440,391,480,333,410,360,171,326,334,346,330,464,474,294,427,453,391,302,395,423,451,567,354,357,335,266,361,370,438,191,349,385,345,505,465,368,340,361,286,418,448,611,524,368,216,268,330,364,452,350,504,253,250,603,377,294,385,277,467,398,318,435,411,422,355,275,496,418,469,436,481,383,527,489,361,428,276,480,WHCP6160014,2025,Fall,WHCP,WHCP6160,Management Communication,FITZGERALD,Full,08 25 2025,12 03 2025,W,1:45 PM,3:15 PM,D,0.5,18,,342,56,399,103
604,638,652,638,616,653,642,602,647,677,624,592,559,608,588,622,632,630,572,653,659,628,628,677,646,580,623,641,551,614,585,650,632,662,581,605,600,621,588,583,580,643,601,644,567,637,583,557,591,583,596,638,678,602,703,653,620,640,624,596,554,664,626,554,652,648,628,653,580,605,659,680,661,675,653,652,624,565,562,608,643,604,661,709,631,648,595,638,658,615,568,610,594,666,564,605,659,607,663,644,WHCP6160015,2025,Fall,WHCP,WHCP6160,Management Communication,PERRY,Full,08 25 2025,12 03 2025,W,3:30 PM,5:00 PM,E,0.5,18,,619,1,620,35
0,10,0,0,0,0,25,0,0,0,13,32,0,8,0,0,0,0,4,45,0,0,0,8,14,52,7,0,78,0,79,0,0,29,0,29,0,0,0,0,9,0,43,0,0,0,0,65,0,53,51,13,0,0,0,56,0,0,0,53,44,0,22,39,8,16,0,0,0,0,0,24,4,15,0,0,0,0,0,21,29,30,46,20,0,33,27,0,0,0,39,0,0,0,0,31,2,76,12,0,WHCP6160016,2025,Fall,WHCP,WHCP6160,Management Communication,EVANS,Full,08 25 2025,12 03 2025,R,8:30 AM,10:00 AM,A,0.5,18,,0,0,0,34
115,50,116,131,114,119,130,76,208,89,114,130,166,123,107,105,132,81,55,115,148,105,128,188,70,63,88,71,208,164,106,156,152,170,108,77,69,153,116,94,76,126,149,182,108,114,150,91,143,167,158,97,101,127,119,140,168,149,115,161,20,132,148,119,76,94,138,149,126,49,113,169,125,192,161,103,95,99,39,90,130,88,83,72,137,94,102,128,199,72,90,42,55,102,118,64,132,128,115,69,WHCP6160017,2025,Fall,WHCP,WHCP6160,Management Communication,O'DONOVAN,Full,08 25 2025,12 03 2025,R,10:15 AM,11:45 AM,B,0.5,18,,125,-7,118,38
597,157,454,301,320,240,378,276,590,218,578,487,383,320,95,487,529,433,287,501,356,75,503,549,288,362,464,247,535,348,313,470,104,194,522,529,266,574,752,291,601,0,411,477,309,528,399,332,571,429,603,576,288,533,186,642,371,428,456,414,435,494,273,331,624,390,479,383,425,361,421,640,477,724,442,321,348,667,335,641,287,472,420,494,259,563,285,405,249,374,553,452,547,210,467,721,257,541,175,521,WHCP6160018,2025,Fall,WHCP,WHCP6160,Management Communication,CLEMONS,Full,08 25 2025,12 03 2025,R,12:00 PM,1:30 PM,C,0.5,18,,511,-113,398,157
0,0,0,0,0,0,337,0,0,0,128,0,0,0,0,0,233,228,345,0,0,0,0,645,0,335,489,0,0,157,0,0,0,0,0,338,108,0,305,11,26,0,0,0,0,0,0,114,73,1,0,125,0,0,77,0,0,0,0,151,0,0,51,0,0,89,75,233,64,0,470,446,276,0,0,0,0,0,136,14,0,0,0,339,0,0,78,239,0,13,137,19,0,285,73,88,412,0,44,219,WHCP6160019,2025,Fall,WHCP,WHCP6160,Management Communication,SEVGEN,Full,08 25 2025,12 03 2025,R,1:45 PM,3:15 PM,D,0.5,18,,78,-209,0,267
165,200,154,215,196,212,170,206,140,199,176,230,198,211,194,205,186,192,187,191,213,135,144,213,170,118,179,166,167,184,229,182,142,200,228,188,236,117,169,148,198,114,180,176,198,255,167,156,163,211,212,204,203,277,116,151,207,213,172,224,222,118,173,222,174,210,280,175,195,162,202,202,178,213,183,181,157,198,179,236,300,138,194,170,132,137,233,157,137,156,196,216,179,191,171,197,187,226,210,206,WHCP6160020,2025,Fall,WHCP,WHCP6160,Management Communication,SCHMIDT,Full,08 25 2025,12 03 2025,R,3:30 PM,5:00 PM,E,0.5,18,,191,-5,186,35
78,1,0,0,0,167,0,418,0,0,325,258,215,155,126,22,224,40,352,456,0,0,0,200,16,0,0,11,328,0,0,0,0,0,208,0,223,0,0,1,0,41,127,0,0,186,17,181,247,0,0,230,16,0,0,0,58,83,251,387,309,0,155,0,0,0,121,555,269,0,0,0,0,0,95,0,0,0,117,0,0,161,1,39,0,19,0,247,0,0,62,0,0,0,133,0,14,0,0,0,WHCP6160021,2025,Fall,WHCP,WHCP6160,Management Communication,DENEHY,Full,08 25 2025,12 03 2025,M,5:15 PM,6:45 PM,F,0.5,18,,0,-15,0,228
0,0,5,30,23,43,30,17,0,0,20,0,0,50,0,49,0,20,0,55,0,0,0,0,0,4,0,15,47,47,62,3,15,0,85,0,0,0,0,2,38,0,0,0,0,14,0,46,21,0,0,0,15,49,43,0,0,7,0,78,5,0,0,2,21,51,44,34,17,11,0,0,9,44,0,0,0,0,64,20,0,39,0,0,0,0,0,18,0,0,0,3,0,0,0,0,0,17,0,0,WHCP6160022,2025,Fall,WHCP,WHCP6160,Management Communication,CHEN,Full,08 25 2025,12 03 2025,T,5:15 PM,6:45 PM,F,0.5,18,,0,0,0,34
243,0,319,32,89,130,53,98,156,153,166,0,187,72,304,10,37,209,187,120,329,125,164,0,140,61,0,11,165,131,129,199,219,0,142,172,84,9,68,102,51,15,35,0,130,0,5,180,35,9,53,198,8,227,134,181,228,117,203,68,143,0,332,114,244,84,52,226,51,63,90,104,185,83,0,150,107,15,1,0,22,152,0,0,39,35,289,172,65,115,37,94,147,120,155,0,26,55,183,290,WHCP6160023,2025,Fall,WHCP,WHCP6160,Management Communication,FITZGERALD,Full,08 25 2025,12 03 2025,W,5:15 PM,6:45 PM,F,0.5,18,,0,89,89,104
190,447,288,323,355,330,397,487,417,310,487,474,447,340,429,506,169,144,488,338,412,330,135,338,328,593,409,455,260,341,400,425,455,296,474,454,79,491,192,528,294,455,162,226,135,206,307,0,238,164,395,248,489,515,130,262,531,463,356,481,336,283,236,251,166,633,368,418,450,391,191,187,493,218,455,134,258,308,304,220,258,300,217,117,391,460,191,248,374,439,476,188,365,451,135,406,202,203,299,337,WHCP6180001,2025,Fall,WHCP,WHCP6180,Entrepreneurial Communication,ZOD,Full,08 25 2025,12 03 2025,T,12:00 PM,1:30 PM,C,0.5,18,,382,-28,354,154
0,5,75,0,0,186,50,0,0,26,0,103,19,0,90,0,0,120,0,0,0,137,110,0,89,15,0,0,0,53,0,104,65,89,107,20,45,59,0,14,141,0,171,262,0,10,154,0,0,0,0,28,28,57,112,0,114,21,50,29,0,83,0,0,42,49,241,0,0,1,5,0,39,36,48,62,45,0,1,93,0,158,0,0,0,0,39,0,0,0,0,157,0,77,0,75,56,0,0,0,WHCP6180002,2025,Fall,WHCP,WHCP6180,Entrepreneurial Communication,WEISS,Full,08 25 2025,12 03 2025,W,8:30 AM,10:00 AM,A,0.5,18,,0,-63,0,97
527,1007,839,659,993,597,607,952,539,635,284,488,559,646,89,378,1043,758,543,342,1061,351,538,614,998,951,639,781,342,1174,635,799,990,1051,417,718,498,809,626,1458,825,458,498,1082,664,441,781,305,346,709,557,680,502,310,798,851,316,72,646,636,766,949,509,1164,704,1294,981,834,1170,837,1106,473,456,353,177,532,813,147,572,920,308,806,1005,566,487,1034,462,624,550,687,528,888,1076,617,688,638,915,582,531,449,LGST7500001,2025,Fall,LGST,LGST7500,Global (Anti-)Money Laundering,CONTI-BROWN,Modular,10 13 2025,10 16 2025,TBA,12:00 AM,1:30 AM,Z,0.5,53,,632,-15,618,249
290,283,257,191,323,320,323,257,268,323,363,200,256,165,272,283,327,452,128,306,168,35,216,215,225,180,161,356,315,261,326,203,227,410,362,169,190,19,400,263,482,268,303,198,438,178,367,270,302,371,283,223,242,273,342,349,438,159,224,584,246,147,423,333,240,246,371,416,207,338,412,266,374,312,232,239,78,128,334,486,325,391,120,331,196,211,396,248,214,129,238,291,152,428,257,282,232,390,469,199,OIDD6670001,2025,Fall,OIDD,OIDD6670,"A.I., Business, and Society",MEURSAULT,Q1,08 25 2025,10 06 2025,TR,8:30 AM,10:00 AM,A,0.5,52,,277,0,277,102
769,1322,1797,1186,1516,1967,1265,1113,588,897,384,1505,0,542,1560,940,1217,1548,730,696,372,1329,1140,1862,1075,987,392,1505,948,730,836,5,372,0,74,771,0,764,128,278,472,231,974,793,1024,990,889,884,1111,785,1251,218,44,668,949,619,464,1296,530,541,789,859,1042,0,477,360,755,492,275,466,215,940,477,1011,127,1012,928,550,411,394,169,1157,982,791,359,790,931,572,1293,1022,811,1440,914,1078,705,39,332,0,470,483,MGMT6250002,2025,Fall,MGMT,MGMT6250,"Corporate Governance, Executive Compensation and the Board",MCDONNELL,Q2,10 20 2025,12 03 2025,MW,10:15 AM,11:45 AM,B,0.5,78,,515,224,738,515
1253,1881,1007,817,981,1434,1898,481,1006,748,555,1277,979,1702,503,1205,1194,1047,1084,754,1429,700,1911,1428,859,839,801,1074,1042,835,2117,1969,1068,1532,917,885,1424,751,1112,1808,1641,1354,1103,1279,1005,1290,1062,1877,1660,808,1108,508,1592,1994,1583,1090,669,1318,467,539,1695,991,930,564,240,485,1707,1006,1116,1014,883,795,1170,1540,946,688,1356,689,1561,728,1063,1570,1169,1004,1226,1082,2353,353,1453,491,1402,851,1295,1673,1135,1728,1474,1029,1392,1897,MGMT6250004,2025,Fall,MGMT,MGMT6250,"Corporate Governance, Executive Compensation and the Board",MCDONNELL,Q2,10 20 2025,12 03 2025,MW,1:45 PM,3:15 PM,D,0.5,78,,935,147,1082,488
0,98,0,0,189,0,387,0,0,0,108,0,0,187,0,93,0,0,10,417,0,157,0,125,0,250,0,184,0,0,64,139,127,180,0,225,0,0,0,0,116,206,0,256,0,0,70,470,0,0,76,0,0,0,0,228,0,57,180,554,305,0,0,72,246,0,0,206,0,0,0,0,0,81,38,25,0,0,386,9,0,298,126,0,0,175,238,83,0,0,220,0,264,207,0,196,0,10,6,276,OIDD6530701,2025,Fall,OIDD,OIDD6530,Mathematical Modeling and its Application in Finance,KATALAN,Modular,10 13 2025,10 16 2025,TBA,12:00 AM,1:30 AM,Z,0.5,11,,0,0,0,249
